Workbook

Sheet Graphs and Tables
A1: Mark Recapture 2025
N5: Snakeden 2025 | Q5: Glade 2025
N6: Initial Release | O6: 1578 | Q6: Initial Release | R6: 1224
N7: Pass 1 | O7: ='Where Found Snakeden'!K8 -> 74 | Q7: Pass 1 | R7: ='Where Found Glade'!K9 -> 297
N8: Pass 2 | O8: ='Where Found Snakeden'!L8 -> 68 | Q8: Pass 2 | R8: ='Where Found Glade'!L9 -> 293
N9: Pass 3 | O9: ='Where Found Snakeden'!M8 -> 74 | Q9: Pass 3 | R9: ='Where Found Glade'!M9 -> 234
N10: Pass 4 | O10: ='Where Found Snakeden'!N8 -> 62 | Q10: Pass 4 | R10: ='Where Found Glade'!N9 -> 266
N11: =[1]Summary!K6 -> Total Observations: | O11: ='Where Found Snakeden'!K27 -> 278 | Q11: Total Observations: | R11: ='Where Found Glade'!K30 -> 1090
N12: Total Tagged Mussels Found: | O12: ='Where Found Snakeden'!K26 -> 213 | Q12: Total Tagged Mussels Found: | R12: ='Where Found Glade'!K29 -> 665
N13: Found in Multiple Passes: | O13: ='Where Found Snakeden'!K28 -> 25 | Q13: Found in Multiple Passes: | R13: ='Where Found Glade'!K31 -> 281
N14: =[1]Summary!K8 -> Found outside of MR: | O14: 0 | Q14: Found outside of MR: | R14: 0
N15: Total Found Dead | O15: ='Where Found Snakeden'!#REF! -> #REF! | Q15: Total Found Dead | R15: ='Where Found Glade'!K37 -> 83
N16: Total Found Alive | O16: ='Where Found Snakeden'!#REF! -> #REF! | Q16: Total Found Alive | R16: ='Where Found Glade'!K36 -> 1007
N17: Unknown (Tagged but tag not recorded and found Alive (included in Alive)) | O17: 11 | Q17: Unknown (Tagged but tag not recorded and found Alive (included in Alive)) | R17: =SUM('Where Found Glade'!K6:N6) -> 3
N18: Unknown (Tagged but tag not recorded and found Dead (included in Dead)) | O18: 1 | Q18: Unknown (Tagged but tag not recorded and found Dead (included in Dead)) | R18: 0
N19: Untagged and dead (included in Dead) | O19: =SUM('Where Found Snakeden'!K7:N7) -> 24 | Q19: Untagged and dead (included in Dead) | R19: =SUM('Where Found Glade'!K7:N7) -> 2
N20: ='Where Found Snakeden'!J29 -> Tagged Mussels Found only Once | O20: ='Where Found Snakeden'!K29 -> 188 | Q20: ='Where Found Glade'!J32 -> Tagged Mussels Found only Once | R20: ='Where Found Glade'!K32 -> 384
N21: ='Where Found Snakeden'!J30 -> Tagged Mussels Found Twice | O21: ='Where Found Snakeden'!K30 -> 22 | Q21: ='Where Found Glade'!J33 -> Tagged Mussels Found Twice | R21: ='Where Found Glade'!K33 -> 177
N22: ='Where Found Snakeden'!J31 -> Tagged Mussels Found Thrice | O22: ='Where Found Snakeden'!K31 -> 3 | Q22: ='Where Found Glade'!J34 -> Tagged Mussels Found Thrice | R22: ='Where Found Glade'!K34 -> 77
N23: ='Where Found Snakeden'!J32 -> Tagged Mussels Found 4 times | O23: ='Where Found Snakeden'!K32 -> 0 | Q23: ='Where Found Glade'!J35 -> Tagged Mussels Found 4 times | R23: ='Where Found Glade'!K35 -> 27
Q26: =[1]Summary!W18 -> Glade Initial Released | R26: 1224
Q27: =[1]Summary!W19 -> Snakeden Initial Released | R27: 1578
Q28: =[1]Summary!W20 -> Initial Released | R28: =[1]Summary!X20 -> 2802
N30: Snakeden | Q30: Glade
N31: =[1]Summary!K23 -> Alive: | Q31: =[1]Summary!W22 -> Alive:
N32: =[1]Summary!K24 -> Pass 1 | O32: ='Snakeden MR'!E79 -> 30 | Q32: =[1]Summary!W23 -> Pass 1 | R32: ='Glade MR'!E303 -> 264
N33: =[1]Summary!K25 -> Pass 2 | O33: ='Snakeden MR'!L73 -> 27 | Q33: =[1]Summary!W24 -> Pass 2 | R33: ='Glade MR'!L303 -> 271
N34: =[1]Summary!K26 -> Pass 3 | O34: ='Snakeden MR'!S79 -> 34 | Q34: =[1]Summary!W25 -> Pass 3 | R34: ='Glade MR'!S240 -> 214
N35: =[1]Summary!K27 -> Pass 4 | O35: ='Snakeden MR'!Z67 -> 43 | Q35: =[1]Summary!W26 -> Pass 4 | R35: ='Glade MR'!Z273 -> 258
N36: =[1]Summary!K28 -> Dead: | Q36: =[1]Summary!W27 -> Dead:
N37: =[1]Summary!K29 -> Pass 1 | O37: ='Snakeden MR'!E80 -> 44 | Q37: =[1]Summary!W28 -> Pass 1 | R37: ='Glade MR'!E304 -> 33
N38: =[1]Summary!K30 -> Pass 2 | O38: ='Snakeden MR'!L74 -> 41 | Q38: =[1]Summary!W29 -> Pass 2 | R38: ='Glade MR'!L304 -> 22
N39: =[1]Summary!K31 -> Pass 3 | O39: ='Snakeden MR'!S80 -> 40 | Q39: =[1]Summary!W30 -> Pass 3 | R39: ='Glade MR'!S241 -> 20
N40: =[1]Summary!K32 -> Pass 4 | O40: ='Snakeden MR'!Z68 -> 19 | Q40: =[1]Summary!W31 -> Pass 4 | R40: ='Glade MR'!Z274 -> 8
N41: =[1]Summary!K33 -> % Found Alive | Q41: =[1]Summary!W32 -> % Found Alive
N42: =[1]Summary!K34 -> Pass 1 | O42: =(O32/O7) -> 0.40540541 | Q42: =[1]Summary!W33 -> Pass 1 | R42: =(R32/R7) -> 0.88888889
N43: =[1]Summary!K35 -> Pass 2 | O43: =(O33/O8) -> 0.39705882 | Q43: =[1]Summary!W34 -> Pass 2 | R43: =(R33/R8) -> 0.92491468
N44: =[1]Summary!K36 -> Pass 3 | O44: =(O34/O9) -> 0.45945946 | Q44: =[1]Summary!W35 -> Pass 3 | R44: =(R34/R9) -> 0.91452991
N45: =[1]Summary!K37 -> Pass 4 | O45: =(O35/O10) -> 0.69354839 | Q45: =[1]Summary!W36 -> Pass 4 | R45: =(R35/R10) -> 0.96992481
N46: =[1]Summary!K38 -> % Found in each pass | Q46: =[1]Summary!W37 -> % Found in each pass
N47: =[1]Summary!K39 -> Pass 1 | O47: =(O7/$O$6) -> 0.046894804 | Q47: =[1]Summary!W38 -> Pass 1 | R47: =(R7/$R$6) -> 0.24264706
N48: =[1]Summary!K40 -> Pass 2 | O48: =(O8/$O$6) -> 0.043092522 | Q48: =[1]Summary!W39 -> Pass 2 | R48: =(R8/$R$6) -> 0.23937908
N49: =[1]Summary!K41 -> Pass 3 | O49: =(O9/$O$6) -> 0.046894804 | Q49: =[1]Summary!W40 -> Pass 3 | R49: =(R9/$R$6) -> 0.19117647
N50: =[1]Summary!K42 -> Pass 4 | O50: =(O10/$O$6) -> 0.039290241 | Q50: =[1]Summary!W41 -> Pass 4 | R50: =(R10/$R$6) -> 0.21732026
M55: Stream | N55: Pass | O55: Alive | P55: Dead | Q55: % Found Alive | R55: % Found in Each Pass
M56: Snakeden | N56: Pass 1 | O56: =O32 -> 30 | P56: =O37 -> 44 | Q56: =O42 -> 0.40540541 | R56: =O47 -> 0.046894804
M57: Snakeden | N57: Pass 2 | O57: =O33 -> 27 | P57: =O38 -> 41 | Q57: =O43 -> 0.39705882 | R57: =O48 -> 0.043092522
M58: Snakeden | N58: Pass 3 | O58: =O34 -> 34 | P58: =O39 -> 40 | Q58: =O44 -> 0.45945946 | R58: =O49 -> 0.046894804
M59: Snakeden | N59: Pass 4 | O59: =O35 -> 43 | P59: =O40 -> 19 | Q59: =O45 -> 0.69354839 | R59: =O50 -> 0.039290241
M60: Glade | N60: Pass 1 | O60: =R32 -> 264 | P60: =R37 -> 33 | Q60: =R42 -> 0.88888889 | R60: =R47 -> 0.24264706
M61: Glade | N61: Pass 2 | O61: =R33 -> 271 | P61: =R38 -> 22 | Q61: =R43 -> 0.92491468 | R61: =R48 -> 0.23937908
M62: Glade | N62: Pass 3 | O62: =R34 -> 214 | P62: =R39 -> 20 | Q62: =R44 -> 0.91452991 | R62: =R49 -> 0.19117647
M63: Glade | N63: Pass 4 | O63: =R35 -> 258 | P63: =R40 -> 8 | Q63: =R45 -> 0.96992481 | R63: =R50 -> 0.21732026
N66: Pass 1 | O66: Pass 2 | P66: Pass 3 | Q66: Pass 4
L67: 2024 | M67: Snakeden | N67: 45498 | O67: 45533 | P67: 45575 | Q67: 45728
L68: 2024 | M68: Glade | N68: 45498 | O68: 45543 | P68: 45576 | Q68: 45728
L69: 2025 | M69: Snakeden | N69: 45855 | O69: 45898 | P69: 45919 | Q69: 9/30/2025-10/1/2025
L70: 2025 | M70: Glade | N70: 45856 | O70: 45898 | P70: 9/18-19/2025 | Q70: 9/29-30/2025

Sheet Snakeden MR
A1: Mark Recapture 2025 | B1: Mark and Recapture #1 (7/17/2025) | I1: Mark and Recapture #2 (8/29/2025) | P1: Mark and Recapture #3 (9/19/2025) | W1: Mark and Recapture #4 (9/30/2025-10/1/2025)
B2: Site Notes: | C2: Person Hours: (2 * 1:10) + ( 2*3:15) Water Temp: 28.0C Crew: Athan Anderson, Parker Sullivan, Maddie Carver, Lily Warco | I2: Site Notes: | J2: Time Spent Searching: 0:30 (thursday), 4:30 (Friday) Water Temp: 24.8C Crew: Athan Anderson, Eleanor Stauch, Jasmine Treynor-Hawke | P2: Site Notes: | Q2: Time Spent Searching: 4 hours Water Temp: 19.1C Crew: Athan Anderson, Ellie Stauch Notes: Leaf Litter Beginnning | W2: Site Notes: | X2: Time Spent Searching: 5 hours Water Temp: Crew: Athan Anderson, Jess Jones | AD2: Site Notes: | AK2: Site Notes: | AR2: Site Notes:
B3: Location Found | C3: Tag Number | D3: Length (mm) | E3: Status | F3: Where Found | G3: Notes | I3: Location Found | J3: Tag Number | K3: Length (mm) | L3: Status | M3: Where Found | N3: Notes | O3: for MR 3: | P3: Location Found | Q3: Tag Number | R3: Length (mm) | S3: Status | T3: Where Found | U3: Notes | W3: Location Found | X3: Tag Number | Y3: Length (mm) | Z3: Status | AA3: Where Found | AB3: Notes | AD3: Location Found | AE3: Tag Number | AF3: Length (mm) | AG3: Status | AH3: Where Found | AI3: Notes | AK3: Location Found | AL3: Tag Number | AM3: Length (mm) | AN3: Status | AO3: Where Found | AP3: Notes | AR3: Location Found | AS3: Tag Number | AT3: Length (mm) | AU3: Status | AV3: Where Found | AW3: Notes
B4: GS Pool | C4: O058 | D4: 92.5 | E4: Alive | F4: pool | G4: New Tag | I4: Pool F | J4: O165 | K4: 83.7 | L4: Alive | N4: New Tag | O4: counted 17 pools going down -> upstream Athan's data --------------> | P4: Pool F | Q4: D260 | R4: - | S4: Dead | V4: Correct nomenclature (pool 8 is uppermost pool, pool 9 is SOND) | W4: Pool A | X4: Unknown | Y4: - | Z4: Alive
B5: GS Pool | C5: b744 | D5: - | E5: Dead | I5: Pool C | J5: B805 | K5: - | L5: Dead | O5: counted 19 pools going up -> downstream | P5: Pool B | Q5: D626 | R5: 74.2 | S5: Alive | U5: real = 74.2 | W5: Pool B | X5: untagged | Y5: - | Z5: Dead
B6: GS Pool | C6: c091 | D6: - | E6: Dead | I6: Pool B | J6: D621 | K6: 74.3 | L6: Alive | O6: idk what happened | P6: Pool B | Q6: B364 | R6: 84.5 | S6: Alive | W6: Pool B | X6: Unknown | Z6: Alive | AB6: PIT
B7: GS Pool | C7: c224 | D7: 86.7 | E7: Alive | I7: Pool B | J7: D804 | K7: 71.5 | L7: Alive | O7: data entered to the best of my ability -_- | P7: Pool B | Q7: C794 | R7: - | S7: Dead | W7: Pool C | X7: B226 | Y7: 66.3 | Z7: Alive
B8: GS Pool | C8: d778 | D8: 82.7 | E8: Alive | I8: Pool B | J8: C673 | K8: - | L8: Dead | O8: Pool 1 is uppermost pool | P8: GS Pool | Q8: B652 | R8: =O14*90.7+0.2 -> 89.651314 | S8: Alive | U8: 90 = 46.3 (?) | W8: Pool D | X8: Unknown | Z8: Alive
B9: GS Pool | C9: c196 | D9: - | E9: Dead | I9: Pool B | J9: B884 | K9: - | L9: Dead | P9: GS Pool | Q9: B243 | R9: =O14*75+0.2 -> 74.167459 | S9: Alive | U9: 70 = 67.2 | W9: Trib | X9: B405 | Z9: Dead
B10: GS Pool | C10: b348 | D10: - | E10: Dead | I10: Pool 1 | J10: untagged | K10: - | L10: Dead | O10: I need to do calculations for my data I think | P10: Pool 2 | Q10: B293 | R10: - | S10: Dead | W10: Pool E | X10: Unknown | Z10: Alive
B11: GS Pool | C11: c121 | D11: - | E11: Dead | I11: Pool 1 | J11: D786 | K11: - | L11: Dead | P11: Pool 2 | Q11: B959 | R11: 87.284355 | S11: Alive | U11: 90 = 86.2 | W11: Pool F | X11: Unknown | Z11: Alive
B12: GS Pool | C12: b278 | D12: 87.3 | E12: Alive | I12: Pool 1 | J12: D863 | K12: - | L12: Dead | O12: 0=0.2, 80=79.1 | P12: Pool 2 | Q12: C284 | R12: 77.816521 | S12: Alive | U12: 80 = 78.2 | W12: Riffle (F -> E) | X12: O087 | Y12: 92 | Z12: Alive
B13: GS Pool | C13: C414 | D13: 84.7 | E13: Alive | I13: Pool 1 | J13: C573 | K13: - | L13: Dead | P13: Pool 2 | Q13: untagged | R13: - | S13: Dead | W13: Pool G | X13: Untagged | Z13: Dead
B14: GS Pool | C14: B540 | D14: 77.9 | E14: Alive | I14: Pool 1 | J14: C110 | K14: - | L14: Dead | O14: =(79.1-0.3)/(80-0.1) -> 0.98623279 | P14: Riffle B | Q14: O089 | R14: 78.605507 | S14: Alive | U14: 80 = 78.3 new tag | W14: Pool G | X14: D767 | Y14: 64 | Z14: Alive
B15: GS Pool | C15: D333 | D15: - | E15: Dead | I15: Pool 1 | J15: B261 | K15: 91.3 | L15: Alive | O15: Athan Pool 15 = SOND downstream | P15: Riffle B | Q15: C788 | R15: 62.628536 | S15: Alive | U15: 60 = 58.1 | W15: Pool G | X15: D241 | Y15: 77.2 | Z15: Dead
B16: Pool A | C16: C399 | D16: - | E16: Dead | I16: Pool 2 | J16: B948 | K16: 96 | L16: Alive | P16: Riffle B | Q16: C143 | R16: 90.144431 | S16: Alive | U16: 90 = 87.4 | W16: Pool G | X16: D108 | Y16: 70.8 | Z16: Alive
B17: Pool A | C17: C627 | D17: - | E17: Dead | I17: Pool 2 | J17: B403 | K17: 80.5 | L17: Alive | P17: Riffle B | Q17: C488 | R17: 75.350939 | S17: Alive | U17: 70 = 68.3 | W17: Pool G | X17: D582 | Z17: Dead
B18: Pool A | C18: b281 | D18: - | E18: Dead | I18: Pool 2 | J18: C002 | K18: 67.4 | L18: Alive | P18: Riffle B | Q18: B505 | R18: - | S18: Dead | W18: Pool G | X18: Unknown | Z18: Dead | AB18: too deep to get to
B19: Pool A | C19: b573 | D19: - | E19: Dead | I19: Pool 2 | J19: C529 | K19: 80.9 | L19: Alive | P19: Riffle B | Q19: D186 | R19: 65.291364 | S19: Alive | U19: 60 = 58.3 | W19: Pool G | X19: Unknown | Z19: Alive | AB19: too deep to get to
B20: Pool A | C20: D573 | D20: 64.7 | E20: Alive | I20: Pool 2 | J20: C320 | K20: 93.7 | L20: Alive | P20: Riffle B | Q20: C011 | R20: 75.055069 | S20: Alive | U20: 70 = 68.3(?) | W20: Pool G | X20: Unknown | Z20: Alive | AB20: too deep to get to
B21: Pool A | C21: C842 | D21: 66.7 | E21: Alive | I21: Pool 2 | J21: B305 | K21: - | L21: Dead | P21: Riffle B | Q21: B285 | R21: - | S21: Alive | U21: 90 = 87.3 | W21: Pool H | X21: Unknown | Z21: Alive
B22: Pool A | C22: B523 | D22: - | E22: Dead | I22: Pool 2 | J22: untagged | K22: - | L22: Dead | P22: Riffle B | Q22: B613 | R22: 83.043554 | S22: Alive | U22: 80 = 78.4 | W22: Riffle (H -> I) | X22: Unknown | Z22: Alive
B23: Pool A | C23: B246 | D23: - | E23: Dead | I23: Pool 2 | J23: D146 | K23: - | L23: Dead | P23: Riffle B | Q23: B123 | R23: - | S23: Dead | W23: Pool I | X23: Unknown | Z23: Alive
B24: Pool A | C24: D047 | D24: - | E24: Dead | G24: bank | I24: Pool 2 | J24: B218 | K24: - | L24: Dead | P24: Pool 3 | Q24: C250 | R24: 57.007009 | S24: Alive | U24: 50 = 48.3 | W24: GS Pool | X24: C201 | Z24: Dead
B25: Pool A | C25: D805 | D25: - | E25: Dead | I25: Pool 3 | J25: B543 | K25: 71 | L25: Alive | P25: Pool 4 | Q25: C179 | R25: - | S25: Dead | W25: GS Pool | X25: C626 | Y25: 68 | Z25: Alive
B26: Pool A | C26: B275 | D26: - | E26: Dead | I26: Pool 3 | J26: D684 | K26: - | L26: Dead | P26: Pool 4 | Q26: B320 | R26: - | S26: Dead | W26: GS Pool | X26: D618 | Y26: 65.5 | Z26: Alive
B27: Pool B | C27: C673 | D27: 76.1 | E27: Alive | F27: pool | I27: Pool 3 | J27: D697 | K27: - | L27: Dead | P27: Pool 4 | Q27: untagged | R27: - | S27: Dead | W27: GS Pool | X27: C669 | Y27: 51 | Z27: Alive
B28: Pool B | C28: D614 | D28: - | E28: Dead | I28: Riffle 1 | J28: B843 | K28: - | L28: Dead | P28: Pool 5 | Q28: B967 | R28: - | S28: Dead | W28: GS Pool | X28: B278 | Y28: 84 | Z28: Alive
B29: Pool B | C29: B364 | D29: 86.5 | E29: Alive | I29: Riffle 1 | J29: O069 | K29: 93.4 | L29: Alive | N29: New Tag | P29: Pool 5 | Q29: Untagged | R29: - | S29: Dead | U29: fragment | W29: GS Pool | X29: B243 | Y29: 77 | Z29: Alive
B30: Pool C | C30: D637 | D30: - | E30: Dead | I30: Riffle 1 | J30: B684 | K30: 90.4 | L30: Alive | P30: Pool 5 | Q30: D196 | R30: 82.846308 | S30: Alive | U30: 80 = 78.3 | W30: GS Pool | X30: B365 | Y30: 83 | Z30: Alive
B31: Pool D | C31: B226 | D31: 66.6 | E31: Alive | F31: pool | I31: Riffle 1 | J31: B766 | K31: 85 | L31: Alive | P31: Pool 5 | Q31: D742 | R31: 80.183479 | S31: Alive | U31: 80 = 78.2 | W31: GS Pool | X31: B483 | Y31: 81 | Z31: Alive
B32: Pool F | C32: C315 | D32: - | E32: Dead | I32: Riffle 2 | J32: untagged | K32: - | L32: Dead | N32: fragment | P32: Riffle 3 | Q32: B803 | R32: - | S32: Dead | W32: GS Pool | X32: C370 | Y32: 84.2 | Z32: Alive
B33: Pool F | C33: C666 | D33: - | E33: Dead | I33: Riffle 2 | J33: untagged | K33: - | L33: Dead | P33: Pool 6 | Q33: C116 | R33: 92.018273 | S33: Alive | U33: 90 = 87.4 | W33: GS Pool | X33: C320 | Y33: 93.8 | Z33: Alive
B34: Pool 5 | C34: B236 | D34: 69.5 | E34: Alive | I34: Riffle 2 | J34: B525 | K34: - | L34: Dead | N34: fragment | P34: Pool 6 | Q34: C028 | R34: - | S34: Dead | W34: GS Pool | X34: C552 | Y34: 87.7 | Z34: Alive
B35: Pool 5 | C35: B995 | D35: - | E35: Dead | I35: Riffle 2 | J35: D292 | K35: - | L35: Dead | P35: Pool 6 | Q35: untagged | R35: - | S35: Dead | U35: fragment | W35: GS Pool | X35: C387 | Y35: 102 | Z35: Alive
B36: Pool 5 | C36: D664 | D36: 61 | E36: Alive | I36: Pool 4 | J36: D181 | K36: 65 | L36: Alive | P36: Pool 6 | Q36: B471 | R36: 89.749937 | S36: Alive | U36: 90 = 87.5 | W36: GS Pool | X36: O088 | Y36: 87.5 | Z36: Alive
B37: Pool 5 | C37: C327 | D37: 85.2 | E37: Alive | I37: Pool 4 | J37: B518 | K37: 81.7 | L37: Alive | P37: Pool 6 | Q37: B553 | R37: - | S37: Dead | W37: GS Pool | X37: B652 | Y37: 93.5 | Z37: Alive
B38: Pool 5 | C38: C899 | D38: 56.4 | E38: Alive | H38: Athan's data | I38: Riffle 2 | J38: C576 | K38: - | L38: Dead | P38: Pool 6 | Q38: D298 | R38: - | S38: Dead | W38: GS Pool | X38: C277 | Y38: 91.3 | Z38: Alive
B39: Pool 5 | C39: C538 | D39: 92.8 | E39: Alive | I39: Riffle 2 | J39: D393 | K39: - | L39: Dead | P39: Pool 6 | Q39: B488 | R39: - | S39: Dead | W39: GS Pool | X39: O101 | Y39: 78.5 | Z39: Alive | AB39: new tag
B40: Pool 4 | C40: c127 | D40: 83 | E40: Alive | I40: Pool 4 | J40: C327 | K40: 85 | L40: Alive | P40: Pool 8 | Q40: O090 | R40: 81.761452 | S40: Alive | U40: 80 = 78.4 new tag | W40: Pool 1 | X40: B564 | Z40: Dead | AB40: First P above GS
B41: Pool 4 | C41: d688 | D41: - | E41: Dead | I41: Pool 4 | J41: B497 | K41: - | L41: Dead | P41: Pool 8 | Q41: C184 | R41: 67.855569 | S41: Alive | U41: 70 = 68.4 | W41: Pool 2 | X41: B928 | Y41: 82 | Z41: Alive
B42: Pool 4 | C42: b783 | D42: 81.7 | E42: Alive | I42: Pool 4 | J42: D664 | K42: - | L42: Dead | P42: Pool 8 | Q42: C240 | R42: - | S42: Dead | W42: Pool 2 | X42: D764 | Z42: Dead
B43: Pool 4 | C43: b237 | D43: 82.5 | E43: Alive | I43: Pool 4 | J43: B073 | K43: - | L43: Dead | P43: Pool 8 | Q43: B508 | R43: - | S43: Dead | W43: Pool 2 | X43: B699 | Y43: 65.5 | Z43: Alive
B44: Pool 4 | C44: d122 | D44: 67.4 | E44: Alive | I44: Riffle 3 | J44: untagged | K44: - | L44: Dead | M44: bank | P44: Pool 8 | Q44: D166 | R44: - | S44: Dead | W44: Pool 2 | X44: D678 | Z44: Dead
B45: Pool 4 | C45: c232 | D45: 91.9 | E45: Alive | G45: O012 | I45: Riffle 3 | J45: C745 | K45: 52.7 | L45: Alive | M45: bank | O45: Ellie's data -----------------> | P45: Pool F | Q45: untagged | R45: - | S45: Dead | W45: Pool 2 | X45: C584 | Z45: Dead | AB45: half shell
B46: Pool 4 | C46: C101 | D46: - | E46: Dead | I46: Riffle 3 | J46: untagged | K46: - | L46: Dead | P46: Riffle B | Q46: O087 | R46: 92.4 | S46: Alive | U46: new tag | W46: Pool 2 | X46: B613 | Y46: 85 | Z46: Alive
B47: Pool 4 | C47: C175 | D47: - | E47: Dead | I47: Riffle 3 | J47: C538 | K47: 92.2 | L47: Alive | P47: GS Pool | Q47: Unknown | R47: - | S47: Dead | W47: Riffle (P3 -> P4) | X47: untagged | Z47: Dead | AB47: half shell
B48: Pool 4 | C48: D256 | D48: - | E48: Dead | I48: Pool 6 | J48: C648 | K48: - | L48: Dead | P48: Riffle 1 | Q48: B707 | R48: - | S48: Dead | W48: Riffle (P3 -> P4) | X48: C062 | Y48: 72 | Z48: Alive
B49: Pool 4 | C49: C372 | D49: - | E49: Dead | I49: Pool 6 | J49: C084 | K49: - | L49: Dead | P49: Pool 1 | Q49: D671 | R49: - | S49: Dead | W49: Riffle (P3 -> P4) | X49: B199 | Y49: 81.5 | Z49: Alive
B50: Pool 4 | C50: B928 | D50: 82.2 | E50: Alive | I50: Pool 6 | J50: D595 | K50: - | L50: Dead | P50: Pool 1 | Q50: C175 | R50: - | S50: Dead | W50: Riffle (P3 -> P4) | X50: B752 | Z50: Dead
B51: Pool 4 | C51: B899 | D51: - | E51: Dead | I51: Pool 6 | J51: B813 | K51: 93.2 | L51: Alive | P51: Pool 1 | Q51: untagged | R51: - | S51: Dead | U51: fragment | W51: Riffle (P3 -> P4) | X51: D186 | Y51: 67.1 | Z51: Alive
B52: Pool 4 | C52: C289 | D52: 94.9 | E52: Alive | I52: Pool 6 | J52: B881 | K52: 85 | L52: Alive | P52: Pool 1 | Q52: D800 | R52: - | S52: Dead | W52: Riffle (P3 -> P4) | X52: C602 | Y52: 75.5 | Z52: Alive
B53: Pool 4 | C53: B544 | D53: - | E53: Dead | I53: Pool 6 | J53: untagged | K53: - | L53: Dead | P53: Pool 1 | Q53: C115 | R53: - | S53: Dead | W53: Riffle (P3 -> P4) | X53: B285 | Y53: 91.5 | Z53: Alive
B54: Pool 4 | C54: B154 | D54: - | E54: Dead | I54: Pool 6 | J54: B214 | K54: - | L54: Dead | P54: Pool 1 | Q54: C626 | R54: 69.1 | S54: Alive | W54: Pool 4 | X54: B874 | Y54: 81 | Z54: Alive
B55: Pool 4 | C55: C278 | D55: - | E55: Dead | I55: Pool 6 | J55: C037 | K55: - | L55: Dead | P55: Pool 1 | Q55: C320 | R55: 93.5 | S55: Alive | W55: Pool 4 | X55: B850 | Y55: 90 | Z55: Alive
B56: Pool 3 | C56: O060 | D56: 105 | E56: Alive | F56: Pool | G56: New Tag | I56: Pool 6 | J56: B221 | K56: - | L56: Dead | P56: Pool 1 | Q56: O088 | R56: 85.7 | S56: Alive | U56: new tag | W56: Pool 4 | X56: C068 | Y56: 83 | Z56: Alive
B57: Pool 3 | C57: b982 | D57: 74 | E57: Alive | I57: Pool 6 | J57: B977 | K57: - | L57: Dead | P57: Pool 1 | Q57: B273 | R57: 84.2 | S57: Alive | U57: repeat mussel (????) | W57: Pool 4 | X57: B318 | Y57: 78.5 | Z57: Alive
B58: Pool 3 | C58: c663 | D58: - | E58: Dead | I58: Pool 7 | J58: B721 | K58: 97.7 | L58: Alive | P58: Pool 1 | Q58: C277 | R58: 91.8 | S58: Alive | W58: Pool 4 | X58: B701 | Z58: Dead
B59: Pool 3 | C59: c211 | D59: - | E59: Dead | I59: Riffle 5 | J59: D147 | K59: - | L59: Dead | M59: bank | P59: Pool 2 | Q59: D722 | R59: - | S59: Dead | W59: Pool 4 | X59: C327 | Y59: 85 | Z59: Alive
B60: Pool 1 | C60: c237 | D60: - | E60: Dead | I60: Pool 8 | J60: B471 | K60: 92.4 | L60: Alive | P60: Pool 2 | Q60: B191 | R60: - | S60: Dead | W60: Pool 4 | X60: B744 | Z60: Dead
B61: Pool 1 | C61: untagged | D61: - | E61: Dead | I61: Pool 8 | J61: D056 | K61: 81.7 | L61: Alive | P61: Pool 2 | Q61: B527 | R61: - | S61: Dead | W61: Pool 4 | X61: B934 | Z61: Dead
B62: Pool 9 | C62: C317 | D62: - | E62: Dead | I62: Pool 8 | J62: C072 | K62: - | L62: Dead | P62: Pool 2 | Q62: C799 | R62: 68 | S62: Alive | W62: Pool 4 | X62: B439 | Z62: Dead
B63: Pool 9 | C63: D075 | D63: - | E63: Dead | I63: Pool 8 | J63: C457 | K63: - | L63: Dead | P63: Pool 2 | Q63: B447 | R63: 83.2 | S63: Alive | U63: 80 = 78.6 | W63: Pool 4 | X63: D247 | Z63: Dead
B64: Pool 9 | C64: B562 | D64: - | E64: Dead | I64: Pool 8 | J64: D175 | K64: 76.3 | L64: Alive | P64: Pool 3 | Q64: untagged | R64: - | S64: Dead | U64: fragment | W64: Pool 5 | X64: D094 | Z64: Dead
B65: Pool 9 | C65: D191 | D65: 85 | E65: Alive | I65: Pool 8 | J65: C301 | K65: - | L65: Dead | P65: Riffle 5 | Q65: untagged | R65: - | S65: Dead | W65: Pool 6 | X65: C458 | Y65: 43 | Z65: Alive
B66: Pool 9 | C66: D587 | D66: - | E66: Dead | I66: Pool 8 | J66: B703 | K66: 90.1 | L66: Alive | P66: Riffle 5 | Q66: D174 | R66: - | S66: Dead
B67: Pool 9 | C67: D172 | D67: - | E67: Dead | I67: Pool 8 | J67: D041 | K67: 70.3 | L67: Alive | P67: Riffle 5 | Q67: C062 | R67: 70.9 | S67: Alive | U67: 70 = 68.4 | V67: Total | W67: =COUNTA(Table4[Location Found]) -> 62 | Y67: alive | Z67: =COUNTIF(Z$4:Z$65,"Alive") -> 43
B68: Pool 9 | C68: C075 | D68: - | E68: Dead | I68: Pool 8 | J68: D706 | K68: 84.7 | L68: Alive | P68: Riffle 5 | Q68: B849 | R68: 92.5 | S68: Alive | W68: =COUNTIF(Table4[Tag Number],"b*") -> 21 | Y68: Dead | Z68: =COUNTIF(Z$4:Z$65,"Dead") -> 19
B69: Pool 9 | C69: B758 | D69: - | E69: Dead | I69: Pool 1 | J69: untagged | K69: - | L69: Dead | P69: Pool 4 | Q69: D259 | R69: - | S69: Dead | W69: =COUNTIF(Table4[Tag Number],"c*") -> 14
B70: Riffle 6 | C70: D222 | D70: - | E70: Dead | G70: bank | I70: Pool 1 | J70: untagged | K70: - | L70: Dead | P70: Pool 4 | Q70: untagged | R70: - | S70: Dead | U70: fragment | W70: =COUNTIF(Table4[Tag Number],"d*") -> 10
B71: Riffle 2 | C71: b199 | D71: 82.4 | E71: Alive | I71: Riffle 3 | J71: untagged | K71: - | L71: Dead | P71: Pool 4 | Q71: C531 | R71: - | S71: Dead | W71: =COUNTIF(Table4[Tag Number],"o*") -> 3
B72: Riffle 2 | C72: c462 | D72: - | E72: Dead | P72: Pool 4 | Q72: C789 | R72: - | S72: Dead | V72: Tagged mussels | W72: =SUM(W68:W71) -> 48
B73: Riffle 2 | C73: b285 | D73: 91.5 | E73: Alive | H73: Total | I73: =COUNTA(Table2[Location Found]) -> 68 | K73: alive | L73: =COUNTIF(L$4:L$71,"Alive") -> 27 | P73: Pool 4 | Q73: B850 | R73: 90.8 | S73: Alive
B74: Riffle A | C74: O059 | D74: 83 | E74: Alive | F74: Riffle | G74: New Tag | I74: =COUNTIF(Table2[Tag Number],"a*") -> 0 | K74: Dead | L74: =COUNTIF(L$4:L$71,"Dead") -> 41 | P74: Pool 4 | Q74: C068 | R74: 83.2 | S74: Alive
B75: Riffle B | C75: C415 | D75: 93.6 | E75: Alive | I75: =COUNTIF(Table2[Tag Number],"b*") -> 23 | P75: Riffle 3 | Q75: C514 | R75: - | S75: Dead
B76: Unknown | C76: C546 | D76: - | E76: Dead | I76: =COUNTIF(Table2[Tag Number],"c*") -> 16 | P76: Pool 8 | Q76: C071 | R76: 96.7 | S76: Alive
B77: Riffle A | C77: C653 | E77: Dead | I77: =COUNTIF(Table2[Tag Number],"d*") -> 17 | P77: Pool 5 | Q77: Untagged | R77: - | S77: Dead | U77: fragment
I78: =COUNTIF(Table2[Tag Number],"o*") -> 2
A79: Total | B79: =COUNTA(Table1[Location Found]) -> 74 | D79: alive | E79: =COUNTIF(E4:E77,"Alive") -> 30 | H79: tagged mussels | I79: =SUM(I74:I78) -> 58 | O79: Total | P79: =COUNTA(Table3[Location Found]) -> 74 | R79: alive | S79: =COUNTIF(S$4:S$77,"Alive") -> 34
B80: =COUNTIF(Table1[Tag Number],"a*") -> 0 | D80: Dead | E80: =COUNTIF(E4:E77,"Dead") -> 44 | P80: =COUNTIF(Table3[Tag Number],"a*") -> 0 | R80: Dead | S80: =COUNTIF(S$4:S$77,"Dead") -> 40
B81: =COUNTIF(Table1[Tag Number],"b*") -> 24 | P81: =COUNTIF(Table3[Tag Number],"b*") -> 23
B82: =COUNTIF(Table1[Tag Number],"c*") -> 30 | P82: =COUNTIF(Table3[Tag Number],"c*") -> 24
B83: =COUNTIF(Table1[Tag Number],"d*") -> 16 | P83: =COUNTIF(Table3[Tag Number],"d*") -> 12
B84: =COUNTIF(Table1[Tag Number],"o*") -> 3 | P84: =COUNTIF(Table3[Tag Number],"o*") -> 4
B85: =SUM(B80:B84) -> 73 | O85: tagged mussels | P85: =SUM(P80:P84) -> 63

Sheet Glade MR
A1: * Note: After the final MR for 2025, the pools were reordered based on dissapearances from the drought. The new order is 9 pools instead of 11. Refer to this map: https://docs.google.com/presentation/d/1_T00HroF_DTlcdYvavOO_hGOJ51vfcswc2lztCjAkGU/edit?slide=id.p#slide=id.p
A2: Mark Recapture 2025 | B2: Mark and Recapture #1 (7/18/2025) | I2: Mark and Recapture #2 (8/29/2025) | P2: Mark and Recapture #3 (9/18-19/25) | W2: Mark and Recapture #4 (9/29-30/2025) | AK2: Mussels found by Brennan (9/26/2024)
B3: Site Notes: | C3: Person Hours: (4*2) + (4*4?) Water Temp: 27.0C Crew: Athan Anderson, Parker Sullivan, Maddie Carver, Lily Warco | I3: Site Notes: | J3: Time Spent Searching: 0:30 (thursday), 4:30 (Friday) Water Temp: 24.8C (recorded as 21.6C on Ellie's slate) Crew: Athan Anderson, Eleanor Stauch, Jasmine Traynor-Hawke | P3: Site Notes: | Q3: Time Spent Searching: Water Temp: 18.1C Crew: Athan Anderson, Ellie Stauch | W3: Site Notes: | X3: Time Spent Searching: Water Temp: Crew: Athan Anderson, Jess Jones | AD3: Site Notes: | AK3: Site Notes:
B4: Location Found | C4: Tag Number | D4: Length (mm) | E4: Status | F4: Where Found | G4: Notes | I4: Location Found | J4: Tag Number | K4: Length (mm) | L4: Status | M4: Where Found | N4: Notes | P4: Location Found | Q4: Tag Number | R4: Length (mm) | S4: Status | T4: Where Found | U4: Notes | W4: Location Found | X4: Tag Number | Y4: Length (mm) | Z4: Status | AA4: Where Found | AB4: Notes | AD4: Location Found | AE4: Tag Number | AF4: Length (mm) | AG4: Status | AH4: Where Found | AI4: Notes | AK4: Location Found | AL4: Tag Number | AM4: Length (mm) | AN4: Status | AO4: Where Found | AP4: Notes
B5: Pool 11 | C5: C841 | D5: - | E5: dead | H5: Ellie's data | I5: 50 m -> gauge station | J5: D382 | K5: 86.2 | L5: alive | M5: pool | P5: 50 m -> GS | Q5: B662 | R5: 91.5 | S5: alive | W5: 50 m below GS | X5: D382 | Y5: 87 | Z5: alive
B6: Pool 11 | C6: C820 | D6: - | E6: dead | I6: 50 m -> gauge station | J6: B605 | K6: 87.4 | L6: alive | M6: pool | P6: 50 m -> GS | Q6: O084 | R6: 92.9 | S6: alive | U6: new tag | W6: 50 m below GS | X6: B662 | Y6: 91.1 | Z6: alive
B7: Pool 11 | C7: C907 | D7: - | E7: dead | I7: 50 m -> gauge station | J7: D346 | K7: 79.1 | L7: alive | M7: riffle | P7: 50 m -> GS | Q7: D506 | R7: 92.9 | S7: alive | W7: 50 m below GS | X7: O084 | Y7: 92.8 | Z7: alive
B8: Pool 11 | C8: C996 | D8: - | E8: dead | I8: riffle after GS | J8: D342 | K8: - | L8: dead | P8: 50 m -> GS | Q8: B167 | R8: 73.4 | S8: alive | W8: 50 m below GS | X8: B605 | Y8: 88.4 | Z8: alive
B9: Pool 11 | C9: C400 | D9: - | E9: dead | I9: Pool 11 | J9: D927 | K9: - | L9: dead | P9: GS pool | Q9: D032 | R9: 60.5 | S9: alive | W9: GS Pool | X9: D032 | Y9: 60.8 | Z9: alive
B10: Pool 11 | C10: C879 | D10: - | E10: dead | I10: Pool 11 | J10: C252 | K10: - | L10: dead | P10: Pool 11 | Q10: C988 | R10: 66.4 | S10: alive | W10: Pool 11 | X10: D818 | Y10: 86.8 | Z10: alive
B11: Pool 11 | C11: C154 | D11: - | E11: dead | I11: Pool 11 | J11: C763 | K11: - | L11: dead | P11: Pool 11 | Q11: C721 | R11: 74.4 | S11: alive | W11: Pool 11 | X11: C679 | Y11: 65.7 | Z11: alive
B12: Pool 11 | C12: C336 | D12: 91.1 | E12: alive | I12: Pool 11 | J12: B987 | K12: 75 | L12: alive | P12: Pool 11 | Q12: C719 | R12: 76.2 | S12: alive | W12: Pool 11 | X12: C696 | Y12: 63.1 | Z12: alive
B13: Pool 11 | C13: C681 | D13: 70.3 | E13: alive | I13: Pool 11 | J13: C719 | K13: 74 | L13: alive | P13: Pool 11 | Q13: C975 | R13: 58.4 | S13: alive | W13: Pool 11 | X13: B921 | Y13: 83 | Z13: alive
B14: Pool 11 | C14: D508 | D14: 94 | E14: alive | I14: Pool 11 | J14: C573 | K14: 84.4 | L14: alive | P14: Pool 11 | Q14: D815 | R14: 85.7 | S14: alive | W14: Pool 11 | X14: D330 | Y14: 80.5 | Z14: alive
B15: Pool 11 | C15: C573 | D15: 85.5 | E15: alive | I15: Pool 11 | J15: C984 | K15: 61.9 | L15: alive | P15: Pool 11 | Q15: B987 | R15: 75.4 | S15: alive | W15: Pool 11 | X15: D508 | Y15: 95.4 | Z15: alive
B16: Pool 11 | C16: C108 | D16: 65 | E16: alive | I16: Pool 11 | J16: C298 | K16: 78.2 | L16: alive | P16: Pool 11 | Q16: D516 | R16: 69.1 | S16: alive | W16: Pool 11 | X16: C750 | Y16: - | Z16: dead
B17: Pool 11 | C17: C972 | D17: 65 | E17: alive | I17: Pool 10 | J17: B669 | K17: 84.2 | L17: alive | P17: Pool 11 | Q17: C946 | R17: 69.5 | S17: alive | W17: Pool 11 | X17: C719 | Y17: 75.1 (76.1?) | Z17: alive
B18: Pool 11 | C18: C698 | D18: - | E18: dead | I18: Pool 10 | J18: D413 | K18: 102.7 | L18: alive | P18: Pool 11 | Q18: C286 | R18: 96.7 | S18: alive | W18: Pool 11 | X18: D495 | Y18: 92.2 | Z18: alive
B19: Pool 11 | C19: C252 | D19: 69 | E19: alive | I19: Pool 10 | J19: C955 | K19: 74 | L19: alive | P19: Pool 11 | Q19: C545 | R19: 82 | S19: alive | W19: Pool 11 | X19: C294 | Y19: 86.9 | Z19: alive
B20: Pool 11 | C20: B993 | D20: 71 | E20: alive | I20: Pool 10 | J20: C271 | K20: 85 | L20: alive | P20: Pool 11 | Q20: D565 | R20: 70.2 | S20: alive | W20: Pool 11 | X20: C721 | Y20: 74.5 | Z20: alive
B21: Pool 11 | C21: C171 | D21: 87.4 | E21: alive | I21: Pool 10 | J21: D551 | K21: 66.7 | L21: alive | P21: Pool 11 | Q21: C472 | R21: 85.6 | S21: alive | W21: Pool 11 | X21: C680 | Y21: - | Z21: dead
B22: Pool 11 | C22: C984 | D22: 61 | E22: alive | I22: Pool 10 | J22: C296 | K22: 85 | L22: alive | P22: Pool 11 | Q22: D330 | R22: 80.5 | S22: alive | W22: Pool 11 | X22: B987 | Y22: 75.4 | Z22: alive
B23: Pool 11 | C23: C298 | D23: 78.1 | E23: alive | I23: Pool 10 | J23: D362 | K23: 80.3 | L23: alive | P23: Pool 11 | Q23: C616 | R23: 63 | S23: alive | W23: Pool 11 | X23: C343 | Y23: 90.1 | Z23: alive
B24: Pool 11 | C24: C417 | D24: 91.9 | E24: alive | I24: Pool 9 | J24: B865 | K24: 65.6 | L24: alive | P24: Pool 11 | Q24: C707 | R24: 64.7 | S24: alive | W24: Pool 11 | X24: C079 | Y24: 82.4 | Z24: alive
B25: Pool 11 | C25: B987 | D25: 75 | E25: alive | I25: Pool 8 | J25: C760 | K25: - | L25: dead | P25: Pool 11 | Q25: C336 | R25: 91.7 | S25: alive | W25: Pool 11 | X25: C518 | Y25: 93.5 | Z25: alive
B26: Pool 11 | C26: C286 | D26: 96.5 | E26: alive | I26: Pool 8 | J26: C870 | K26: - | L26: dead | P26: Pool 11 | Q26: C681 | R26: 70.4 | S26: alive | W26: Pool 11 | X26: D819 | Y26: 83.7 | Z26: alive
B27: Pool 11 | C27: Unknown | D27: 63.1 | E27: alive | I27: Pool 8 | J27: C287 | K27: 96 | L27: alive | P27: Pool 11 | Q27: C298 | R27: 78.8 | S27: alive | W27: Pool 11 | X27: B911 | Y27: 67 | Z27: alive
B28: Pool 11 | C28: C061 | D28: 63.5 | E28: alive | I28: Pool 8 | J28: B680 | K28: 98.4 | L28: alive | P28: Pool 11 | Q28: O085 | R28: 89.2 | S28: alive | U28: new tag | W28: Pool 11 | X28: C681 | Y28: 70 | Z28: alive
B29: Pool 11 | C29: D565 | D29: 70.1 | E29: alive | I29: Pool 8 | J29: D483 | K29: 84.1 | L29: alive | P29: Pool 11 | Q29: C417 | R29: 91.7 | S29: alive | W29: Pool 11 | X29: C946 | Y29: 69.6 | Z29: alive
B30: Pool 11 | C30: C518 | D30: 63.1 | E30: alive | I30: Pool 8 | J30: C156 | K30: 86.4 | L30: alive | P30: Pool 11 | Q30: C671 | R30: 66.2 | S30: alive | W30: Pool 11 | X30: D474 | Y30: 86 | Z30: alive
B31: Pool 11 | C31: D516 | D31: 68.5 | E31: alive | I31: Pool 8 | J31: B785 | K31: 84.6 | L31: alive | P31: Pool 11 | Q31: D495 | R31: 92.5 | S31: alive | W31: Pool 11 | X31: C707 | Y31: 64.6 | Z31: alive
B32: Pool 11 | C32: C744 | D32: - | E32: dead | I32: Pool 8 | J32: C438 | K32: 91.1 | L32: alive | P32: Pool 10 | Q32: C423 | R32: 73.9 | S32: alive | W32: Pool 11 | X32: D025 | Y32: 69.1 | Z32: alive
B33: Pool 11 | C33: C052 | D33: 95.3 | E33: alive | I33: Pool 7 | J33: B857 | K33: 103 | L33: alive | P33: Pool 10 | Q33: C422 | R33: 91.4 | S33: alive | W33: Pool 11 | X33: C061 | Y33: 93.7 | Z33: alive
B34: Pool 11 | C34: O049 | D34: 70.6 | E34: alive | I34: Pool 7 | J34: C167 | K34: 74.6 | L34: alive | P34: Pool 10 | Q34: C943 | R34: 67.8 | S34: alive | W34: Pool 11 | X34: C472 | Y34: 85.7 | Z34: alive
B35: Pool 11 | C35: D025 | D35: 68.9 | E35: alive | I35: Pool 5 | J35: C329 | K35: 88.7 | L35: alive | P35: Pool 10 | Q35: B126 | R35: 77.4 | S35: alive | U35: B or D?? | W35: Pool 11 | X35: C545 | Y35: 82.2 | Z35: alive
B36: pool 10 | C36: B174 | D36: 82.8 | E36: alive | I36: Pool 5 | J36: B133 | K36: 83.6 | L36: alive | P36: Pool 10 | Q36: D023 | R36: 57.9 | S36: alive | W36: Pool 11 | X36: C972 | Y36: - | Z36: dead
B37: pool 10 | C37: C955 | D37: 74.5 | E37: alive | I37: Pool 5 | J37: D374 | K37: 80 | L37: alive | P37: Pool 10 | Q37: D413 | R37: 103.2 | S37: alive | W37: Pool 11 | X37: C125 | Y37: 94 | Z37: alive
B38: pool 10 | C38: C271 | D38: 85.9 | E38: alive | I38: Pool 5 | J38: B013 | K38: 93 | L38: alive | P38: Pool 10 | Q38: D469 | R38: 76.4 | S38: alive | W38: Pool 11 | X38: D498 | Y38: 91.5 | Z38: alive
B39: pool 10 | C39: C360 | D39: 86.2 | E39: alive | I39: Pool 5 | J39: B416 | K39: 77.2 | L39: alive | P39: Pool 10 | Q39: B103 | R39: 110.3 | S39: alive | W39: Pool 11 | X39: C717 | Y39: 67.9 | Z39: alive
B40: pool 10 | C40: D413 | D40: 102.7 | E40: alive | I40: Pool 5 | J40: C775 | K40: 72.3 | L40: alive | P40: Pool 10 | Q40: C687 | R40: 67 | S40: alive | W40: Pool 11 | X40: C286 | Y40: 96.9 | Z40: alive
B41: pool 10 | C41: C426 | D41: 84.8 | E41: alive | I41: Pool 5 | J41: C355 | K41: 80 | L41: alive | P41: Pool 10 | Q41: D362 | R41: 81.5 | S41: alive | W41: Pool 11 | X41: C923 | Y41: - | Z41: dead
B42: pool 10 | C42: C982 | D42: 62.5 | E42: alive | I42: Pool 4 | J42: D336 | K42: - | L42: dead | P42: Pool 10 | Q42: B145 | R42: 88.2 | S42: alive | W42: Pool 10 | X42: D370 | Y42: 83.9 | Z42: alive
B43: Pool 9 | C43: B865 | D43: 66.8 | E43: alive | I43: Pool 4 | J43: C516 | K43: - | L43: dead | P43: Pool 10 | Q43: O066 | R43: 90.1 | S43: alive | U43: new tag | W43: Pool 10 | X43: C955 | Y43: - | Z43: dead
B44: Pool 9 | C44: B920 | D44: 89 | E44: alive | I44: Pool 4 | J44: C544 | K44: 100.2 | L44: alive | P44: Riffle (P10 -> P9) | Q44: B822 | R44: 90.5 | S44: alive | U44: moved to P10 | W44: Pool 10 | X44: C360 | Y44: 87 | Z44: alive
B45: Pool 9 | C45: B888 | D45: 99.7 | E45: alive | I45: Pool 4 | J45: C268 | K45: 99 | L45: alive | P45: Pool 9 | Q45: B780 | R45: 88.2 | S45: alive | W45: Pool 10 | X45: O086 | Y45: 90.4 | Z45: alive
B46: Pool 7 | C46: B857 | D46: 102.4 | E46: alive | I46: Pool 4 | J46: C256 | K46: 80 | L46: alive | P46: Pool 9 | Q46: B920 | R46: 89.2 | S46: alive | W46: Pool 10 | X46: D006 | Y46: 77.8 | Z46: alive
B47: Pool 7 | C47: C167 | D47: 74.4 | E47: alive | I47: Pool 4 | J47: C161 | K47: 98.6 | L47: alive | P47: Pool 9 | Q47: C288 | R47: - | S47: dead | W47: Pool 10 | X47: C687 | Y47: 67.1 | Z47: alive
B48: Pool 7 | C48: B195 | D48: 70.3 | E48: alive | I48: Pool 4 | J48: B157 | K48: 121 | L48: alive | P48: Pool 8 | Q48: C504 | R48: 103.5 | S48: alive | W48: Pool 10 | X48: D362 | Y48: 81.6 | Z48: alive
B49: Pool 7 | C49: C429 | D49: 82 | E49: alive | I49: Pool 4 | J49: C220 | K49: 91.5 | L49: alive | P49: Pool 8 | Q49: O080 | R49: 96.7 | S49: alive | W49: Pool 10 | X49: B145 | Y49: 88.5 | Z49: alive
B50: Riffle 3 | C50: B495 | D50: 84.5 | E50: alive | I50: Pool 4 | J50: C499 | K50: 82.5 | L50: alive | P50: Pool 8 | Q50: D483 | R50: 84.6 | S50: alive | W50: Pool 10 | X50: C321 | Y50: 89.2 | Z50: alive
B51: Riffle 3 | C51: D337 | D51: 80.5 | E51: alive | I51: Pool 4 | J51: B827 | K51: 96 | L51: alive | P51: Pool 8 | Q51: C263 | R51: 67.3 | S51: alive | W51: Pool 10 | X51: B103 | Y51: 110.5 | Z51: alive
B52: Riffle 3 | C52: C891 | D52: - | E52: dead | I52: Pool 4 | J52: C280 | K52: 92 | L52: alive | P52: Pool 8 | Q52: B020 | R52: 87 | S52: alive | W52: Pool 10 | X52: D469 | Y52: 76.5 | Z52: alive
B53: Pool 11 | C53: D008 | D53: 62.4 | E53: alive | I53: Pool 4 | J53: C253 | K53: 97 | L53: alive | P53: Pool 8 | Q53: B083 | R53: 72.2 | S53: alive | W53: Pool 10 | X53: D029 | Y53: - | Z53: dead
B54: Pool 11 | C54: C763 | D54: - | E54: dead | I54: Pool 4 | J54: D433 | K54: 85.5 | L54: alive | P54: Pool 8 | Q54: D485 | R54: 79 | S54: alive | W54: Pool 10 | X54: D341 | Y54: 84.6 | Z54: alive
B55: Pool 11 | C55: C294 | D55: 86.8 | E55: alive | I55: Pool 4 | J55: D356 | K55: 76.4 | L55: alive | P55: Pool 8 | Q55: D821 | R55: 91.3 | S55: alive | W55: Pool 10 | X55: B031 | Y55: 83.2 | Z55: alive
B56: Pool 11 | C56: D474 | D56: 86.4 | E56: alive | I56: Pool 4 | J56: B136 | K56: 89 | L56: alive | P56: Pool 8 | Q56: C772 | R56: 62.7 | S56: alive | W56: Pool 10 | X56: C943 | Y56: 67.6 | Z56: alive
B57: Pool 11 | C57: B921 | D57: 82.3 | E57: alive | I57: Riffle (P4 -> P3) | J57: D020 | K57: - | L57: dead | P57: Pool 8 | Q57: C040 | R57: 74.9 | S57: alive | W57: Pool 10 | X57: C422 | Y57: 91 | Z57: alive
B58: Pool 11 | C58: C719 | D58: 75.2 | E58: alive | I58: Riffle (P4 -> P3) | J58: B055 | K58: 85 | L58: alive | P58: Pool 8 | Q58: D419 | R58: 72.2 | S58: alive | W58: Pool 10 | X58: B614 | Y58: 88.8 | Z58: alive
B59: Pool 11 | C59: C946 | D59: 69.7 | E59: alive | I59: Riffle (P4 -> P3) | J59: D337 | K59: 81.7 | L59: alive | P59: Pool 8 | Q59: O077 | R59: 96.1 | S59: alive | W59: Pool 9 | X59: C535 | Y59: - | Z59: dead
B60: Pool 11 | C60: C928 | D60: 63.3 | E60: alive | I60: Pool 3 | J60: B028 | K60: 104 | L60: alive | P60: Pool 8 | Q60: C557 | R60: 85.5 | S60: alive | W60: Pool 8 | X60: C561 | Y60: 93.1 | Z60: alive
B61: Pool 11 | C61: D818 | D61: 85.3 | E61: alive | I61: Pool 3 | J61: O026 | K61: 83.5 | L61: alive | P61: Pool 8 | Q61: D487 | R61: 65.7 | S61: alive | W61: Pool 8 | X61: C269 | Y61: 88.2 | Z61: alive
B62: Pool 11 | C62: C779 | D62: 69.2 | E62: alive | I62: Pool 3 | J62: B116 | K62: 100.6 | L62: alive | P62: Pool 8 | Q62: C188 | R62: 81.3 | S62: alive | W62: Pool 8 | X62: C692 | Y62: 61.5 | Z62: alive
B63: Pool 10 | C63: B823 | D63: 91.5 | E63: alive | I63: Pool 3 | J63: C293 | K63: 95 | L63: alive | P63: Pool 8 | Q63: B019 | R63: 84.2 | S63: alive | W63: Pool 8 | X63: O077 | Y63: 96 | Z63: alive
B64: Pool 10 | C64: B101 | D64: 96.5 | E64: alive | I64: Riffle (P3 -> P2) | J64: C684 | K64: - | L64: dead | P64: Pool 8 | Q64: B177 | R64: 83.2 | S64: alive | W64: Pool 8 | X64: C258 | Y64: 86.2 | Z64: alive
B65: Pool 10 | C65: B943 | D65: 78.1 | E65: alive | I65: Pool 2 | J65: C314 | K65: 95.7 | L65: alive | P65: Pool 8 | Q65: C045 | R65: 87.8 | S65: alive | W65: Pool 8 | X65: C481 | Y65: 87.3 | Z65: alive
B66: Pool 10 | C66: D519 | D66: 86.2 | E66: alive | I66: Pool 2 | J66: B361 | K66: 89.7 | L66: alive | P66: Pool 8 | Q66: C932 | R66: 84.5 | S66: alive | W66: Pool 8 | X66: D821 | Y66: 91.2 | Z66: alive
B67: Pool 10 | C67: D496 | D67: 76.7 | E67: alive | I67: Pool 2 | J67: C080 | K67: 87.8 | L67: alive | P67: Pool 8 | Q67: C192 | R67: 82.8 | S67: alive | W67: Pool 8 | X67: C434 | Y67: 87.3 | Z67: alive
B68: Pool 10 | C68: C118 | D68: 75.7 | E68: alive | I68: Pool 2 | J68: C363 | K68: 87.7 | L68: alive | P68: Pool 8 | Q68: C918 | R68: 52.3 | S68: alive | W68: Pool 8 | X68: C527 | Y68: 82.1 | Z68: alive
B69: Pool 10 | C69: B399 | D69: 90.8 | E69: alive | I69: Pool 2 | J69: C433 | K69: 83.6 | L69: alive | P69: Pool 8 | Q69: D351 | R69: 102.5 | S69: alive | W69: Pool 8 | X69: D408 | Y69: 91.3 | Z69: alive
B70: Pool 9 | C70: C560 | D70: 84.4 | E70: alive | I70: Pool 1 | J70: B169 | K70: 80.6 | L70: alive | P70: Pool 8 | Q70: B862 | R70: 99.4 | S70: alive | W70: Pool 8 | X70: C402 | Y70: 91.7 | Z70: alive
B71: Pool 8 | C71: D351 | D71: 103.3 | E71: alive | I71: Pool 1 | J71: B114 | K71: 96.2 | L71: alive | P71: Pool 8 | Q71: C060 | R71: 95.6 | S71: alive | W71: Pool 8 | X71: Unknown | Y71: 80.1 | Z71: alive | AB71: D40(?)
B72: Pool 8 | C72: C066 | D72: 86 | E72: alive | I72: Pool 1 | J72: B944 | K72: 97.2 | L72: alive | P72: Pool 8 | Q72: D454 | R72: 76.8 | S72: alive | W72: Pool 8 | X72: D526 | Y72: 69.8 | Z72: alive
B73: Pool 8 | C73: B961 | D73: 82.5 | E73: alive | I73: Pool 1 | J73: C786 | K73: 80.6 | L73: alive | P73: Pool 8 | Q73: D393 | R73: 74.6 | S73: alive | W73: Pool 8 | X73: D454 | Y73: 76.4 | Z73: alive
B74: Pool 8 | C74: D457 | D74: 72.2 | E74: alive | H74: Jasmine's data | I74: Pool 1 | J74: C756 | K74: - | L74: dead | P74: Pool 8 | Q74: C395 | R74: 93.6 | S74: alive | W74: Pool 8 | X74: B680 | Y74: 99.1 | Z74: alive
B75: Pool 8 | C75: C117 | D75: 83.3 | E75: alive | I75: Pool 1 | J75: B198 | K75: - | L75: dead | P75: Pool 8 | Q75: B934 | R75: 86.2 | S75: alive | W75: Pool 8 | X75: C742 | Y75: 56.5 | Z75: alive
B76: Pool 8 | C76: C935 | D76: - | E76: dead | I76: Pool 1 | J76: B192 | K76: 109.7 | L76: alive | P76: Pool 8 | Q76: C269 | R76: 88.2 | S76: alive | W76: Pool 8 | X76: D376 | Y76: 73.2 | Z76: alive
B77: Pool 8 | C77: D347 | D77: - | E77: dead | I77: Pool 1 | J77: D441 | K77: 99.1 | L77: alive | P77: Pool 8 | Q77: C128 | R77: 95.5 | S77: alive | W77: Pool 8 | X77: C060 | Y77: 94.3 | Z77: alive
B78: Pool 8 | C78: D554 | D78: - | E78: dead | I78: Pool 1 | J78: B345 | K78: 87.9 | L78: alive | P78: Pool 8 | Q78: B917 | R78: 77.8 | S78: alive | W78: Pool 8 | X78: B862 | Y78: 98.4 | Z78: alive
B79: Pool 8 | C79: C697 | D79: - | E79: dead | I79: Pool 1 | J79: C249 | K79: 100.2 | L79: alive | P79: Pool 8 | Q79: B657 | R79: 90.7 | S79: alive | W79: Pool 8 | X79: C203 | Y79: 93.4 | Z79: alive
B80: Pool 8 | C80: C228 | D80: 64.4 | E80: alive | I80: Pool 1 | J80: B343 | K80: 110.1 | L80: alive | P80: Pool 8 | Q80: C402 | R80: 91.6 | S80: alive | W80: Pool 8 | X80: B858 | Y80: 86.1 | Z80: alive
B81: Pool 8 | C81: B657 | D81: 90.6 | E81: alive | I81: Pool 1 | J81: B444 | K81: 99 | L81: alive | P81: Pool 8 | Q81: D420 | R81: 71.7 | S81: alive | W81: Pool 8 | X81: C136 | Y81: 92 | Z81: alive
B82: Pool 5 | C82: C502 | D82: 94.9 | E82: alive | I82: Pool 1 | J82: C340 | K82: 105 | L82: alive | P82: Pool 8 | Q82: B769 | R82: 74 | S82: alive | W82: Pool 8 | X82: D568 | Y82: 71.7 | Z82: alive
B83: Pool 5 | C83: B158 | D83: 102.6 | E83: alive | I83: Pool 1 | J83: C734 | K83: 65 | L83: alive | N83: grubbing | P83: Pool 8 | Q83: C992 | R83: 62.4 | S83: alive | W83: Pool 8 | X83: D471 | Y83: 77.6 | Z83: alive
B84: Pool 5 | C84: B009 | D84: 111.4 | E84: alive | I84: Pool 1 | J84: D817 | K84: 84.4 | L84: alive | N84: grubbing | P84: Pool 8 | Q84: C203 | R84: 93.5 | S84: alive | W84: Pool 8 | X84: D420 | Y84: 71.4 | Z84: alive
B85: Pool 5 | C85: B193 | D85: 81.4 | E85: alive | G85: was "E193" | I85: Pool 1 | J85: O061 | K85: 94 | L85: alive | N85: grubbing | P85: Pool 8 | Q85: D560 | R85: 72.3 | S85: alive | W85: Pool 8 | X85: B657 | Y85: 90.7 | Z85: alive
B86: Pool 5 | C86: C983 | D86: 80.1 | E86: alive | I86: Pool 1 | J86: O062 | K86: 91.5 | L86: alive | N86: grubbing | P86: Pool 8 | Q86: D389 | R86: 62.3 | S86: alive | W86: Pool 8 | X86: D419 | Y86: 71.9 | Z86: alive
B87: Pool 5 | C87: B008 | D87: 99.4 | E87: alive | I87: Pool 1 | J87: B504 | K87: 83.1 | L87: alive | N87: grubbing | P87: Pool 8 | Q87: C692 | R87: 61.5 | S87: alive | W87: Pool 8 | X87: D351 | Y87: 112.3(???) | Z87: alive
B88: Pool 5 | C88: B061 | D88: 105.6 | E88: alive | I88: Pool 1 | J88: C960 | K88: 71.3 | L88: alive | N88: grubbing | P88: Pool 8 | Q88: C742 | R88: 56.7 | S88: alive | W88: Pool 8 | X88: B917 | Y88: 76.4 | Z88: alive
B89: Pool 5 | C89: D555 | D89: 79.8 | E89: alive | I89: Pool 1 | J89: B097 | K89: 95.7 | L89: alive | N89: grubbing | P89: Pool 8 | Q89: B952 | R89: - | S89: dead | W89: Pool 8 | X89: C557 | Y89: 84.9 | Z89: alive
B90: Pool 5 | C90: B323 | D90: 91.1 | E90: alive | I90: Pool 1 | J90: C730 | K90: 62.3 | L90: alive | N90: grubbing | P90: Pool 8 | Q90: B681 | R90: - | S90: dead | W90: Pool 8 | X90: C263 | Y90: 67.2 | Z90: alive
B91: Pool 5 | C91: C181 | D91: 91.4 | E91: alive | I91: Pool 1 | J91: D399 | K91: 88.2 | L91: alive | N91: grubbing | P91: Pool 8 | Q91: B599 | R91: - | S91: dead | W91: Pool 8 | X91: C992 | Y91: 62.3 | Z91: alive
B92: Pool 5 | C92: B120 | D92: 105.4 | E92: alive | I92: Pool 1 | J92: C977 | K92: 68.2 | L92: alive | N92: grubbing | P92: Pool 8 | Q92: C509 | R92: - | S92: dead | W92: Pool 8 | X92: B612 | Y92: 91 | Z92: alive
B93: Pool 5 | C93: B043 | D93: 93.1 | E93: alive | I93: Pool 1 | J93: B027 | K93: 99.5 | L93: alive | N93: grubbing | P93: Pool 8 | Q93: D553 | R93: - | S93: dead | W93: Pool 8 | X93: D476 | Y93: 78.8 | Z93: alive
B94: Pool 5 | C94: D397 | D94: 73.5 | E94: alive | I94: Pool 1 | J94: B017 | K94: 75.5 | L94: alive | N94: grubbing | P94: Pool 8 | Q94: B025 | R94: - | S94: dead | W94: Pool 8 | X94: C128 | Y94: 95 | Z94: alive
B95: Pool 5 | C95: C924 | D95: 75.8 | E95: alive | I95: Pool 1 | J95: B007 | K95: 95 | L95: alive | N95: grubbing | P95: Pool 8 | Q95: C525 | R95: - | S95: dead | W95: Pool 7 | X95: B857 | Y95: 102.8 | Z95: alive
B96: Pool 5 | C96: B013 | D96: 93.4 | E96: alive | I96: Pool 1 | J96: C076 | K96: 87.7 | L96: alive | P96: Pool 7 | Q96: C167 | R96: 75 | S96: alive | W96: Pool 7 | X96: B938 | Y96: 81.9 | Z96: alive
B97: Pool 5 | C97: C967 | D97: 64.8 | E97: alive | I97: Pool 1 | J97: O044 | K97: 89 | L97: alive | P97: Pool 7 | Q97: C420 | R97: 87.5 | S97: alive | W97: Pool 7 | X97: B868 | Y97: 94.8 | Z97: alive
B98: Pool 5 | C98: C077 | D98: 72.9 | E98: alive | I98: Pool 1 | J98: B083 | K98: 89 | L98: alive | P98: Pool 7 | Q98: Untagged | R98: - | S98: dead | U98: fragment | W98: Pool 6 | X98: B044 | Y98: 80.5 | Z98: alive
B99: Pool 5 | C99: D563 | D99: 69.8 | E99: alive | I99: Pool 1 | J99: O062 | K99: 90.8 | L99: alive | O99: 45919 | P99: Pool 7 | Q99: B857 | R99: 103.4 | S99: alive | W99: Pool 6 | X99: B195 | Y99: 78.1 | Z99: alive
B100: Pool 5 | C100: B602 | D100: - | E100: dead | I100: Pool 1 | J100: D827 | K100: 84.4 | L100: alive | P100: Pool 7 | Q100: B868 | R100: 94.7 | S100: alive | W100: Pool 6 | X100: O094 | Y100: 93.4 | Z100: alive | AB100: New Tag
...

Sheet Where Found Snakeden
A1: Mark Recapture 2025
A2: Snakeden
A3: Tag # (red) | B3: Site Added To | C3: Found in pass 1 | D3: Found in pass 2 | E3: Found in pass 3 | F3: Found in pass 4 | G3: Sum Value | H3: Alive or Dead? | I3: Sacrificed? | J3: Totals: | R3: Found in multiple passes
A4: B000 | B4: Glade | C4: =IF(COUNTIF(Table1[Tag Number], A4), 1, 0) -> 0 | D4: =IF(COUNTIF(Table2[Tag Number], A4), 1, 0) -> 0 | E4: =IF(COUNTIF(Table3[Tag Number], A4), 1, 0) -> 0 | F4: =IF(COUNTIF(Table4[Tag Number], A4), 1, 0) -> 0 | G4: =SUM(C4:F4) -> 0 | H4: {=_xlfn.IFS(OR(_xlfn.XLOOKUP(A4,Table1[Tag Number],Table1[Status],"-",0)="Dead", _xlfn.XLOOKUP(A4,Table2[Tag Number],Table2[Status],"-",0)="Dead", _xlfn.XLOOKUP(A4,Table3[Tag Number],Table3[Status],"-",0)="Dead", _xlfn.XLOOKUP(A4,Table4[Tag Number],Table4[Status],"-",0)="Dead"),"Dead", OR(_xlfn.XLOOKUP(A4,Table1[Tag Number],Table1[Status],"-",0)="Alive", _xlfn.XLOOKUP(A4,Table2[Tag Number],Table2[Status],"-",0)="Alive", _xlfn.XLOOKUP(A4,Table3[Tag Number],Table3[Status],"-",0)="Alive", _xlfn.XLOOKUP(A4,Table4[Tag Number],Table4[Status],"-",0)="Alive"),"Alive", OR(_xlfn.XLOOKUP(A4,Table1[Tag Number],Table1[Status],"-",0)="-", _xlfn.XLOOKUP(A4,Table2[Tag Number],Table2[Status],"-",0)="-", _xlfn.XLOOKUP(A4,Table3[Tag Number],Table3[Status],"-",0)="-", _xlfn.XLOOKUP(A4,Table4[Tag Number],Table4[Status],"-",0)="-"), "-")} -> - | K4: Pass 1 | L4: Pass 2 | M4: Pass 3 | N4: Pass 4 | R4: =IF(G4>1,A4) -> FALSE
A5: B001 | B5: Glade | C5: =IF(COUNTIF(Table1[Tag Number], A5), 1, 0) -> 0 | D5: =IF(COUNTIF(Table2[Tag Number], A5), 1, 0) -> 0 | E5: =IF(COUNTIF(Table3[Tag Number], A5), 1, 0) -> 0 | F5: =IF(COUNTIF(Table4[Tag Number], A5), 1, 0) -> 0 | G5: =SUM(C5:F5) -> 0 | H5: {=_xlfn.IFS(OR(_xlfn.XLOOKUP(A5,Table1[Tag Number],Table1[Status],"-",0)="Dead", _xlfn.XLOOKUP(A5,Table2[Tag Number],Table2[Status],"-",0)="Dead", _xlfn.XLOOKUP(A5,Table3[Tag Number],Table3[Status],"-",0)="Dead", _xlfn.XLOOKUP(A5,Table4[Tag Number],Table4[Status],"-",0)="Dead"),"Dead", OR(_xlfn.XLOOKUP(A5,Table1[Tag Number],Table1[Status],"-",0)="Alive", _xlfn.XLOOKUP(A5,Table2[Tag Number],Table2[Status],"-",0)="Alive", _xlfn.XLOOKUP(A5,Table3[Tag Number],Table3[Status],"-",0)="Alive", _xlfn.XLOOKUP(A5,Table4[Tag Number],Table4[Status],"-",0)="Alive"),"Alive", OR(_xlfn.XLOOKUP(A5,Table1[Tag Number],Table1[Status],"-",0)="-", _xlfn.XLOOKUP(A5,Table2[Tag Number],Table2[Status],"-",0)="-", _xlfn.XLOOKUP(A5,Table3[Tag Number],Table3[Status],"-",0)="-", _xlfn.XLOOKUP(A5,Table4[Tag Number],Table4[Status],"-",0)="-"), "-")} -> - | J5: Tagged | K5: =SUM(C4:C3000) -> 73 | L5: ='Snakeden MR'!I79 -> 58 | M5: =SUM(E4:E3000) -> 63 | N5: =SUM(F4:F3000) -> 48 | R5: =IF(G5>1,A5) -> FALSE
A6: B002 | B6: Glade | C6: =IF(COUNTIF(Table1[Tag Number], A6), 1, 0) -> 0 | D6: =IF(COUNTIF(Table2[Tag Number], A6), 1, 0) -> 0 | E6: =IF(COUNTIF(Table3[Tag Number], A6), 1, 0) -> 0 | F6: =IF(COUNTIF(Table4[Tag Number], A6), 1, 0) -> 0 | G6: =SUM(C6:F6) -> 0 | H6: {=_xlfn.IFS(OR(_xlfn.XLOOKUP(A6,Table1[Tag Number],Table1[Status],"-",0)="Dead", _xlfn.XLOOKUP(A6,Table2[Tag Number],Table2[Status],"-",0)="Dead", _xlfn.XLOOKUP(A6,Table3[Tag Number],Table3[Status],"-",0)="Dead", _xlfn.XLOOKUP(A6,Table4[Tag Number],Table4[Status],"-",0)="Dead"),"Dead", OR(_xlfn.XLOOKUP(A6,Table1[Tag Number],Table1[Status],"-",0)="Alive", _xlfn.XLOOKUP(A6,Table2[Tag Number],Table2[Status],"-",0)="Alive", _xlfn.XLOOKUP(A6,Table3[Tag Number],Table3[Status],"-",0)="Alive", _xlfn.XLOOKUP(A6,Table4[Tag Number],Table4[Status],"-",0)="Alive"),"Alive", OR(_xlfn.XLOOKUP(A6,Table1[Tag Number],Table1[Status],"-",0)="-", _xlfn.XLOOKUP(A6,Table2[Tag Number],Table2[Status],"-",0)="-", _xlfn.XLOOKUP(A6,Table3[Tag Number],Table3[Status],"-",0)="-", _xlfn.XLOOKUP(A6,Table4[Tag Number],Table4[Status],"-",0)="-"), "-")} -> - | J6: Unknown | K6: {=MAX(SUM(COUNTIF(Table1[Tag Number],{"*Unknown*","*-*","*shell*"})),K8-(K7+K5))} -> 0 | L6: {=MAX(SUM(COUNTIF(Table2[Tag Number],{"*Unknown*","*-*","*shell*"})),L8-(L5+L7))} -> 0 | M6: {=MAX(SUM(COUNTIF(Table3[Tag Number],{"*Unknown*","*-*","*shell*"})),M8-(M5+M7))} -> 1 | N6: {=MAX(SUM(COUNTIF(Table4[Tag Number],{"*Unknown*","*-*","*shell*"})),N8-(N7+N5))} -> 11 | R6: =IF(G6>1,A6) -> FALSE
A7: B003 | B7: Glade | C7: =IF(COUNTIF(Table1[Tag Number], A7), 1, 0) -> 0 | D7: =IF(COUNTIF(Table2[Tag Number], A7), 1, 0) -> 0 | E7: =IF(COUNTIF(Table3[Tag Number], A7), 1, 0) -> 0 | F7: =IF(COUNTIF(Table4[Tag Number], A7), 1, 0) -> 0 | G7: =SUM(C7:F7) -> 0 | H7: {=_xlfn.IFS(OR(_xlfn.XLOOKUP(A7,Table1[Tag Number],Table1[Status],"-",0)="Dead", _xlfn.XLOOKUP(A7,Table2[Tag Number],Table2[Status],"-",0)="Dead", _xlfn.XLOOKUP(A7,Table3[Tag Number],Table3[Status],"-",0)="Dead", _xlfn.XLOOKUP(A7,Table4[Tag Number],Table4[Status],"-",0)="Dead"),"Dead", OR(_xlfn.XLOOKUP(A7,Table1[Tag Number],Table1[Status],"-",0)="Alive", _xlfn.XLOOKUP(A7,Table2[Tag Number],Table2[Status],"-",0)="Alive", _xlfn.XLOOKUP(A7,Table3[Tag Number],Table3[Status],"-",0)="Alive", _xlfn.XLOOKUP(A7,Table4[Tag Number],Table4[Status],"-",0)="Alive"),"Alive", OR(_xlfn.XLOOKUP(A7,Table1[Tag Number],Table1[Status],"-",0)="-", _xlfn.XLOOKUP(A7,Table2[Tag Number],Table2[Status],"-",0)="-", _xlfn.XLOOKUP(A7,Table3[Tag Number],Table3[Status],"-",0)="-", _xlfn.XLOOKUP(A7,Table4[Tag Number],Table4[Status],"-",0)="-"), "-")} -> - | J7: Untagged | K7: {=SUM(COUNTIF(Table1[Tag Number],{"Untagged*","UNO0*","UN O0*","New tag*","UN"}))} -> 1 | L7: {=SUM(COUNTIF(Table2[Tag Number],{"Untagged*","UNO0*","UN O0*","New tag*","UN"}))} -> 10 | M7: {=SUM(COUNTIF(Table3[Tag Number],{"Untagged*","UNO0*","UN O0*","New tag*","UN"}))} -> 10 | N7: {=SUM(COUNTIF(Table4[Tag Number],{"Untagged*","UNO0*","UN O0*","New tag*","UN"}))} -> 3 | R7: =IF(G7>1,A7) -> FALSE
A8: B004 | B8: Snakeden | C8: =IF(COUNTIF(Table1[Tag Number], A8), 1, 0) -> 0 | D8: =IF(COUNTIF(Table2[Tag Number], A8), 1, 0) -> 0 | E8: =IF(COUNTIF(Table3[Tag Number], A8), 1, 0) -> 0 | F8: =IF(COUNTIF(Table4[Tag Number], A8), 1, 0) -> 0 | G8: =SUM(C8:F8) -> 0 | H8: {=_xlfn.IFS(OR(_xlfn.XLOOKUP(A8,Table1[Tag Number],Table1[Status],"-",0)="Dead", _xlfn.XLOOKUP(A8,Table2[Tag Number],Table2[Status],"-",0)="Dead", _xlfn.XLOOKUP(A8,Table3[Tag Number],Table3[Status],"-",0)="Dead", _xlfn.XLOOKUP(A8,Table4[Tag Number],Table4[Status],"-",0)="Dead"),"Dead", OR(_xlfn.XLOOKUP(A8,Table1[Tag Number],Table1[Status],"-",0)="Alive", _xlfn.XLOOKUP(A8,Table2[Tag Number],Table2[Status],"-",0)="Alive", _xlfn.XLOOKUP(A8,Table3[Tag Number],Table3[Status],"-",0)="Alive", _xlfn.XLOOKUP(A8,Table4[Tag Number],Table4[Status],"-",0)="Alive"),"Alive", OR(_xlfn.XLOOKUP(A8,Table1[Tag Number],Table1[Status],"-",0)="-", _xlfn.XLOOKUP(A8,Table2[Tag Number],Table2[Status],"-",0)="-", _xlfn.XLOOKUP(A8,Table3[Tag Number],Table3[Status],"-",0)="-", _xlfn.XLOOKUP(A8,Table4[Tag Number],Table4[Status],"-",0)="-"), "-")} -> - | J8: Total | K8: ='Snakeden MR'!B79 -> 74 | L8: ='Snakeden MR'!I73 -> 68 | M8: ='Snakeden MR'!P79 -> 74 | N8: ='Snakeden MR'!W67 -> 62 | R8: =IF(G8>1,A8) -> FALSE
A9: B005 | B9: Glade | C9: =IF(COUNTIF(Table1[Tag Number], A9), 1, 0) -> 0 | D9: =IF(COUNTIF(Table2[Tag Number], A9), 1, 0) -> 0 | E9: =IF(COUNTIF(Table3[Tag Number], A9), 1, 0) -> 0 | F9: =IF(COUNTIF(Table4[Tag Number], A9), 1, 0) -> 0 | G9: =SUM(C9:F9) -> 0 | H9: {=_xlfn.IFS(OR(_xlfn.XLOOKUP(A9,Table1[Tag Number],Table1[Status],"-",0)="Dead", _xlfn.XLOOKUP(A9,Table2[Tag Number],Table2[Status],"-",0)="Dead", _xlfn.XLOOKUP(A9,Table3[Tag Number],Table3[Status],"-",0)="Dead", _xlfn.XLOOKUP(A9,Table4[Tag Number],Table4[Status],"-",0)="Dead"),"Dead", OR(_xlfn.XLOOKUP(A9,Table1[Tag Number],Table1[Status],"-",0)="Alive", _xlfn.XLOOKUP(A9,Table2[Tag Number],Table2[Status],"-",0)="Alive", _xlfn.XLOOKUP(A9,Table3[Tag Number],Table3[Status],"-",0)="Alive", _xlfn.XLOOKUP(A9,Table4[Tag Number],Table4[Status],"-",0)="Alive"),"Alive", OR(_xlfn.XLOOKUP(A9,Table1[Tag Number],Table1[Status],"-",0)="-", _xlfn.XLOOKUP(A9,Table2[Tag Number],Table2[Status],"-",0)="-", _xlfn.XLOOKUP(A9,Table3[Tag Number],Table3[Status],"-",0)="-", _xlfn.XLOOKUP(A9,Table4[Tag Number],Table4[Status],"-",0)="-"), "-")} -> - | R9: =IF(G9>1,A9) -> FALSE
A10: B006 | B10: Glade | C10: =IF(COUNTIF(Table1[Tag Number], A10), 1, 0) -> 0 | D10: =IF(COUNTIF(Table2[Tag Number], A10), 1, 0) -> 0 | E10: =IF(COUNTIF(Table3[Tag Number], A10), 1, 0) -> 0 | F10: =IF(COUNTIF(Table4[Tag Number], A10), 1, 0) -> 0 | G10: =SUM(C10:F10) -> 0 | H10: {=_xlfn.IFS(OR(_xlfn.XLOOKUP(A10,Table1[Tag Number],Table1[Status],"-",0)="Dead", _xlfn.XLOOKUP(A10,Table2[Tag Number],Table2[Status],"-",0)="Dead", _xlfn.XLOOKUP(A10,Table3[Tag Number],Table3[Status],"-",0)="Dead", _xlfn.XLOOKUP(A10,Table4[Tag Number],Table4[Status],"-",0)="Dead"),"Dead", OR(_xlfn.XLOOKUP(A10,Table1[Tag Number],Table1[Status],"-",0)="Alive", _xlfn.XLOOKUP(A10,Table2[Tag Number],Table2[Status],"-",0)="Alive", _xlfn.XLOOKUP(A10,Table3[Tag Number],Table3[Status],"-",0)="Alive", _xlfn.XLOOKUP(A10,Table4[Tag Number],Table4[Status],"-",0)="Alive"),"Alive", OR(_xlfn.XLOOKUP(A10,Table1[Tag Number],Table1[Status],"-",0)="-", _xlfn.XLOOKUP(A10,Table2[Tag Number],Table2[Status],"-",0)="-", _xlfn.XLOOKUP(A10,Table3[Tag Number],Table3[Status],"-",0)="-", _xlfn.XLOOKUP(A10,Table4[Tag Number],Table4[Status],"-",0)="-"), "-")} -> - | K10: Pass 1 | L10: Pass 2 | M10: Pass 3 | N10: Pass 4 | R10: =IF(G10>1,A10) -> FALSE
A11: B007 | B11: Glade | C11: =IF(COUNTIF(Table1[Tag Number], A11), 1, 0) -> 0 | D11: =IF(COUNTIF(Table2[Tag Number], A11), 1, 0) -> 0 | E11: =IF(COUNTIF(Table3[Tag Number], A11), 1, 0) -> 0 | F11: =IF(COUNTIF(Table4[Tag Number], A11), 1, 0) -> 0 | G11: =SUM(C11:F11) -> 0 | H11: {=_xlfn.IFS(OR(_xlfn.XLOOKUP(A11,Table1[Tag Number],Table1[Status],"-",0)="Dead", _xlfn.XLOOKUP(A11,Table2[Tag Number],Table2[Status],"-",0)="Dead", _xlfn.XLOOKUP(A11,Table3[Tag Number],Table3[Status],"-",0)="Dead", _xlfn.XLOOKUP(A11,Table4[Tag Number],Table4[Status],"-",0)="Dead"),"Dead", OR(_xlfn.XLOOKUP(A11,Table1[Tag Number],Table1[Status],"-",0)="Alive", _xlfn.XLOOKUP(A11,Table2[Tag Number],Table2[Status],"-",0)="Alive", _xlfn.XLOOKUP(A11,Table3[Tag Number],Table3[Status],"-",0)="Alive", _xlfn.XLOOKUP(A11,Table4[Tag Number],Table4[Status],"-",0)="Alive"),"Alive", OR(_xlfn.XLOOKUP(A11,Table1[Tag Number],Table1[Status],"-",0)="-", _xlfn.XLOOKUP(A11,Table2[Tag Number],Table2[Status],"-",0)="-", _xlfn.XLOOKUP(A11,Table3[Tag Number],Table3[Status],"-",0)="-", _xlfn.XLOOKUP(A11,Table4[Tag Number],Table4[Status],"-",0)="-"), "-")} -> - | J11: Tagged Alive | K11: {=SUM(COUNTIFS(Table1[Tag Number],{"A*","B*","C*","D*"},Table1[Tag Number],{"<>*-*"},Table1[Status],"Alive"))} -> 27 | L11: {=SUM(COUNTIFS(Table2[Tag Number],{"A*","B*","C*","D*"},Table2[Tag Number],{"<>*-*"},Table2[Status],"Alive"))} -> 25 | M11: {=SUM(COUNTIFS(Table3[Tag Number],{"A*","B*","C*","D*"},Table3[Tag Number],{"<>*-*"},Table3[Status],"Alive"))} -> 30 | N11: {=SUM(COUNTIFS(Table4[Tag Number],{"A*","B*","C*","D*"},Table4[Tag Number],{"<>*-*"},Table4[Status],"Alive"))} -> 30 | R11: =IF(G11>1,A11) -> FALSE
A12: B008 | B12: Glade | C12: =IF(COUNTIF(Table1[Tag Number], A12), 1, 0) -> 0 | D12: =IF(COUNTIF(Table2[Tag Number], A12), 1, 0) -> 0 | E12: =IF(COUNTIF(Table3[Tag Number], A12), 1, 0) -> 0 | F12: =IF(COUNTIF(Table4[Tag Number], A12), 1, 0) -> 0 | G12: =SUM(C12:F12) -> 0 | H12: {=_xlfn.IFS(OR(_xlfn.XLOOKUP(A12,Table1[Tag Number],Table1[Status],"-",0)="Dead", _xlfn.XLOOKUP(A12,Table2[Tag Number],Table2[Status],"-",0)="Dead", _xlfn.XLOOKUP(A12,Table3[Tag Number],Table3[Status],"-",0)="Dead", _xlfn.XLOOKUP(A12,Table4[Tag Number],Table4[Status],"-",0)="Dead"),"Dead", OR(_xlfn.XLOOKUP(A12,Table1[Tag Number],Table1[Status],"-",0)="Alive", _xlfn.XLOOKUP(A12,Table2[Tag Number],Table2[Status],"-",0)="Alive", _xlfn.XLOOKUP(A12,Table3[Tag Number],Table3[Status],"-",0)="Alive", _xlfn.XLOOKUP(A12,Table4[Tag Number],Table4[Status],"-",0)="Alive"),"Alive", OR(_xlfn.XLOOKUP(A12,Table1[Tag Number],Table1[Status],"-",0)="-", _xlfn.XLOOKUP(A12,Table2[Tag Number],Table2[Status],"-",0)="-", _xlfn.XLOOKUP(A12,Table3[Tag Number],Table3[Status],"-",0)="-", _xlfn.XLOOKUP(A12,Table4[Tag Number],Table4[Status],"-",0)="-"), "-")} -> - | J12: Unknown Alive | K12: {=SUM(COUNTIFS(Table1[Tag Number],{"*Unknown*","*-*","*~?*"},Table1[Status],"Alive"))} -> 0 | L12: {=SUM(COUNTIFS(Table2[Tag Number],{"*Unknown*","*-*"},Table2[Status],"Alive"))} -> 0 | M12: {=SUM(COUNTIFS(Table3[Tag Number],{"*Unknown*","*-*"},Table3[Status],"Alive"))} -> 0 | N12: {=SUM(COUNTIFS(Table4[Tag Number],{"*Unknown*","*-*"},Table4[Status],"Alive"))} -> 10 | R12: =IF(G12>1,A12) -> FALSE
A13: B009 | B13: Glade | C13: =IF(COUNTIF(Table1[Tag Number], A13), 1, 0) -> 0 | D13: =IF(COUNTIF(Table2[Tag Number], A13), 1, 0) -> 0 | E13: =IF(COUNTIF(Table3[Tag Number], A13), 1, 0) -> 0 | F13: =IF(COUNTIF(Table4[Tag Number], A13), 1, 0) -> 0 | G13: =SUM(C13:F13) -> 0 | H13: {=_xlfn.IFS(OR(_xlfn.XLOOKUP(A13,Table1[Tag Number],Table1[Status],"-",0)="Dead", _xlfn.XLOOKUP(A13,Table2[Tag Number],Table2[Status],"-",0)="Dead", _xlfn.XLOOKUP(A13,Table3[Tag Number],Table3[Status],"-",0)="Dead", _xlfn.XLOOKUP(A13,Table4[Tag Number],Table4[Status],"-",0)="Dead"),"Dead", OR(_xlfn.XLOOKUP(A13,Table1[Tag Number],Table1[Status],"-",0)="Alive", _xlfn.XLOOKUP(A13,Table2[Tag Number],Table2[Status],"-",0)="Alive", _xlfn.XLOOKUP(A13,Table3[Tag Number],Table3[Status],"-",0)="Alive", _xlfn.XLOOKUP(A13,Table4[Tag Number],Table4[Status],"-",0)="Alive"),"Alive", OR(_xlfn.XLOOKUP(A13,Table1[Tag Number],Table1[Status],"-",0)="-", _xlfn.XLOOKUP(A13,Table2[Tag Number],Table2[Status],"-",0)="-", _xlfn.XLOOKUP(A13,Table3[Tag Number],Table3[Status],"-",0)="-", _xlfn.XLOOKUP(A13,Table4[Tag Number],Table4[Status],"-",0)="-"), "-")} -> - | J13: Untagged Alive | K13: {=SUM(COUNTIFS(Table1[Tag Number],{"Untagged*","*shell*","UN"},Table1[Status],"Alive"))} -> 0 | L13: {=SUM(COUNTIFS(Table2[Tag Number],{"Untagged*","*shell*","UN"},Table2[Status],"Alive"))} -> 0 | M13: {=SUM(COUNTIFS(Table3[Tag Number],{"Untagged*","*shell*","UN"},Table3[Status],"Alive"))} -> 0 | N13: {=SUM(COUNTIFS(Table4[Tag Number],{"Untagged*","*shell*","UN"},Table4[Status],"Alive"))} -> 0 | R13: =IF(G13>1,A13) -> FALSE
A14: B010 | B14: Snakeden | C14: =IF(COUNTIF(Table1[Tag Number], A14), 1, 0) -> 0 | D14: =IF(COUNTIF(Table2[Tag Number], A14), 1, 0) -> 0 | E14: =IF(COUNTIF(Table3[Tag Number], A14), 1, 0) -> 0 | F14: =IF(COUNTIF(Table4[Tag Number], A14), 1, 0) -> 0 | G14: =SUM(C14:F14) -> 0 | H14: {=_xlfn.IFS(OR(_xlfn.XLOOKUP(A14,Table1[Tag Number],Table1[Status],"-",0)="Dead", _xlfn.XLOOKUP(A14,Table2[Tag Number],Table2[Status],"-",0)="Dead", _xlfn.XLOOKUP(A14,Table3[Tag Number],Table3[Status],"-",0)="Dead", _xlfn.XLOOKUP(A14,Table4[Tag Number],Table4[Status],"-",0)="Dead"),"Dead", OR(_xlfn.XLOOKUP(A14,Table1[Tag Number],Table1[Status],"-",0)="Alive", _xlfn.XLOOKUP(A14,Table2[Tag Number],Table2[Status],"-",0)="Alive", _xlfn.XLOOKUP(A14,Table3[Tag Number],Table3[Status],"-",0)="Alive", _xlfn.XLOOKUP(A14,Table4[Tag Number],Table4[Status],"-",0)="Alive"),"Alive", OR(_xlfn.XLOOKUP(A14,Table1[Tag Number],Table1[Status],"-",0)="-", _xlfn.XLOOKUP(A14,Table2[Tag Number],Table2[Status],"-",0)="-", _xlfn.XLOOKUP(A14,Table3[Tag Number],Table3[Status],"-",0)="-", _xlfn.XLOOKUP(A14,Table4[Tag Number],Table4[Status],"-",0)="-"), "-")} -> - | J14: Retagged Alive | K14: {=SUM(COUNTIFS(Table1[Tag Number],{"O*"},Table1[Status],"Alive"))} -> 3 | L14: {=SUM(COUNTIFS(Table2[Tag Number],{"O*"},Table2[Status],"Alive"))} -> 2 | M14: {=SUM(COUNTIFS(Table3[Tag Number],{"O*"},Table3[Status],"Alive"))} -> 4 | N14: {=SUM(COUNTIFS(Table4[Tag Number],{"O*"},Table4[Status],"Alive"))} -> 3 | R14: =IF(G14>1,A14) -> FALSE
A15: B011 | B15: Glade | C15: =IF(COUNTIF(Table1[Tag Number], A15), 1, 0) -> 0 | D15: =IF(COUNTIF(Table2[Tag Number], A15), 1, 0) -> 0 | E15: =IF(COUNTIF(Table3[Tag Number], A15), 1, 0) -> 0 | F15: =IF(COUNTIF(Table4[Tag Number], A15), 1, 0) -> 0 | G15: =SUM(C15:F15) -> 0 | H15: {=_xlfn.IFS(OR(_xlfn.XLOOKUP(A15,Table1[Tag Number],Table1[Status],"-",0)="Dead", _xlfn.XLOOKUP(A15,Table2[Tag Number],Table2[Status],"-",0)="Dead", _xlfn.XLOOKUP(A15,Table3[Tag Number],Table3[Status],"-",0)="Dead", _xlfn.XLOOKUP(A15,Table4[Tag Number],Table4[Status],"-",0)="Dead"),"Dead", OR(_xlfn.XLOOKUP(A15,Table1[Tag Number],Table1[Status],"-",0)="Alive", _xlfn.XLOOKUP(A15,Table2[Tag Number],Table2[Status],"-",0)="Alive", _xlfn.XLOOKUP(A15,Table3[Tag Number],Table3[Status],"-",0)="Alive", _xlfn.XLOOKUP(A15,Table4[Tag Number],Table4[Status],"-",0)="Alive"),"Alive", OR(_xlfn.XLOOKUP(A15,Table1[Tag Number],Table1[Status],"-",0)="-", _xlfn.XLOOKUP(A15,Table2[Tag Number],Table2[Status],"-",0)="-", _xlfn.XLOOKUP(A15,Table3[Tag Number],Table3[Status],"-",0)="-", _xlfn.XLOOKUP(A15,Table4[Tag Number],Table4[Status],"-",0)="-"), "-")} -> - | J15: Tagged Dead | K15: {=SUM(COUNTIFS(Table1[Tag Number],{"A*","B*","C*","D*"},Table1[Tag Number],{"<>*-*"},Table1[Status],"Dead"))} -> 43 | L15: {=SUM(COUNTIFS(Table2[Tag Number],{"A*","B*","C*","D*"},Table2[Tag Number],{"<>*-*"},Table2[Status],"Dead"))} -> 31 | M15: {=SUM(COUNTIFS(Table3[Tag Number],{"A*","B*","C*","D*"},Table3[Tag Number],{"<>*-*"},Table3[Status],"Dead"))} -> 29 | N15: {=SUM(COUNTIFS(Table4[Tag Number],{"A*","B*","C*","D*"},Table4[Tag Number],{"<>*-*"},Table4[Status],"Dead"))} -> 15 | R15: =IF(G15>1,A15) -> FALSE
A16: B012 | B16: Glade | C16: =IF(COUNTIF(Table1[Tag Number], A16), 1, 0) -> 0 | D16: =IF(COUNTIF(Table2[Tag Number], A16), 1, 0) -> 0 | E16: =IF(COUNTIF(Table3[Tag Number], A16), 1, 0) -> 0 | F16: =IF(COUNTIF(Table4[Tag Number], A16), 1, 0) -> 0 | G16: =SUM(C16:F16) -> 0 | H16: {=_xlfn.IFS(OR(_xlfn.XLOOKUP(A16,Table1[Tag Number],Table1[Status],"-",0)="Dead", _xlfn.XLOOKUP(A16,Table2[Tag Number],Table2[Status],"-",0)="Dead", _xlfn.XLOOKUP(A16,Table3[Tag Number],Table3[Status],"-",0)="Dead", _xlfn.XLOOKUP(A16,Table4[Tag Number],Table4[Status],"-",0)="Dead"),"Dead", OR(_xlfn.XLOOKUP(A16,Table1[Tag Number],Table1[Status],"-",0)="Alive", _xlfn.XLOOKUP(A16,Table2[Tag Number],Table2[Status],"-",0)="Alive", _xlfn.XLOOKUP(A16,Table3[Tag Number],Table3[Status],"-",0)="Alive", _xlfn.XLOOKUP(A16,Table4[Tag Number],Table4[Status],"-",0)="Alive"),"Alive", OR(_xlfn.XLOOKUP(A16,Table1[Tag Number],Table1[Status],"-",0)="-", _xlfn.XLOOKUP(A16,Table2[Tag Number],Table2[Status],"-",0)="-", _xlfn.XLOOKUP(A16,Table3[Tag Number],Table3[Status],"-",0)="-", _xlfn.XLOOKUP(A16,Table4[Tag Number],Table4[Status],"-",0)="-"), "-")} -> - | J16: Unknown Dead | K16: {=SUM(COUNTIFS(Table1[Tag Number],{"*Unknown*","*-*","*~?*"},Table1[Status],{"Dead"}))} -> 0 | L16: {=SUM(COUNTIFS(Table2[Tag Number],{"*Unknown*","*-*"},Table2[Status],"Dead"))} -> 0 | M16: {=SUM(COUNTIFS(Table3[Tag Number],{"*Unknown*","*-*"},Table3[Status],"Dead"))} -> 1 | N16: {=SUM(COUNTIFS(Table4[Tag Number],{"*Unknown*","*-*"},Table4[Status],"Dead"))} -> 1 | R16: =IF(G16>1,A16) -> FALSE
A17: B013 | B17: Glade | C17: =IF(COUNTIF(Table1[Tag Number], A17), 1, 0) -> 0 | D17: =IF(COUNTIF(Table2[Tag Number], A17), 1, 0) -> 0 | E17: =IF(COUNTIF(Table3[Tag Number], A17), 1, 0) -> 0 | F17: =IF(COUNTIF(Table4[Tag Number], A17), 1, 0) -> 0 | G17: =SUM(C17:F17) -> 0 | H17: {=_xlfn.IFS(OR(_xlfn.XLOOKUP(A17,Table1[Tag Number],Table1[Status],"-",0)="Dead", _xlfn.XLOOKUP(A17,Table2[Tag Number],Table2[Status],"-",0)="Dead", _xlfn.XLOOKUP(A17,Table3[Tag Number],Table3[Status],"-",0)="Dead", _xlfn.XLOOKUP(A17,Table4[Tag Number],Table4[Status],"-",0)="Dead"),"Dead", OR(_xlfn.XLOOKUP(A17,Table1[Tag Number],Table1[Status],"-",0)="Alive", _xlfn.XLOOKUP(A17,Table2[Tag Number],Table2[Status],"-",0)="Alive", _xlfn.XLOOKUP(A17,Table3[Tag Number],Table3[Status],"-",0)="Alive", _xlfn.XLOOKUP(A17,Table4[Tag Number],Table4[Status],"-",0)="Alive"),"Alive", OR(_xlfn.XLOOKUP(A17,Table1[Tag Number],Table1[Status],"-",0)="-", _xlfn.XLOOKUP(A17,Table2[Tag Number],Table2[Status],"-",0)="-", _xlfn.XLOOKUP(A17,Table3[Tag Number],Table3[Status],"-",0)="-", _xlfn.XLOOKUP(A17,Table4[Tag Number],Table4[Status],"-",0)="-"), "-")} -> - | J17: Untagged Dead | K17: {=SUM(COUNTIFS(Table1[Tag Number],{"Untagged*","*shell*","UN"},Table1[Status],"Dead"))} -> 1 | L17: {=SUM(COUNTIFS(Table2[Tag Number],{"Untagged*","*shell*","UN"},Table2[Status],"Dead"))} -> 10 | M17: {=SUM(COUNTIFS(Table3[Tag Number],{"Untagged*","*shell*","UN"},Table3[Status],"Dead"))} -> 10 | N17: {=SUM(COUNTIFS(Table4[Tag Number],{"Untagged*","*shell*","UN"},Table4[Status],"Dead"))} -> 3 | R17: =IF(G17>1,A17) -> FALSE
A18: B014 | B18: Glade | C18: =IF(COUNTIF(Table1[Tag Number], A18), 1, 0) -> 0 | D18: =IF(COUNTIF(Table2[Tag Number], A18), 1, 0) -> 0 | E18: =IF(COUNTIF(Table3[Tag Number], A18), 1, 0) -> 0 | F18: =IF(COUNTIF(Table4[Tag Number], A18), 1, 0) -> 0 | G18: =SUM(C18:F18) -> 0 | H18: {=_xlfn.IFS(OR(_xlfn.XLOOKUP(A18,Table1[Tag Number],Table1[Status],"-",0)="Dead", _xlfn.XLOOKUP(A18,Table2[Tag Number],Table2[Status],"-",0)="Dead", _xlfn.XLOOKUP(A18,Table3[Tag Number],Table3[Status],"-",0)="Dead", _xlfn.XLOOKUP(A18,Table4[Tag Number],Table4[Status],"-",0)="Dead"),"Dead", OR(_xlfn.XLOOKUP(A18,Table1[Tag Number],Table1[Status],"-",0)="Alive", _xlfn.XLOOKUP(A18,Table2[Tag Number],Table2[Status],"-",0)="Alive", _xlfn.XLOOKUP(A18,Table3[Tag Number],Table3[Status],"-",0)="Alive", _xlfn.XLOOKUP(A18,Table4[Tag Number],Table4[Status],"-",0)="Alive"),"Alive", OR(_xlfn.XLOOKUP(A18,Table1[Tag Number],Table1[Status],"-",0)="-", _xlfn.XLOOKUP(A18,Table2[Tag Number],Table2[Status],"-",0)="-", _xlfn.XLOOKUP(A18,Table3[Tag Number],Table3[Status],"-",0)="-", _xlfn.XLOOKUP(A18,Table4[Tag Number],Table4[Status],"-",0)="-"), "-")} -> - | J18: Retagged Dead | K18: {=SUM(COUNTIFS(Table1[Tag Number],{"*O*"},Table1[Status],"Dead"))} -> 0 | L18: {=SUM(COUNTIFS(Table2[Tag Number],{"O*"},Table2[Status],"Dead"))} -> 0 | M18: {=SUM(COUNTIFS(Table3[Tag Number],{"O*"},Table3[Status],"Dead"))} -> 0 | N18: {=SUM(COUNTIFS(Table4[Tag Number],{"O*"},Table4[Status],"Dead"))} -> 0 | R18: =IF(G18>1,A18) -> FALSE
A19: B015 | B19: Glade | C19: =IF(COUNTIF(Table1[Tag Number], A19), 1, 0) -> 0 | D19: =IF(COUNTIF(Table2[Tag Number], A19), 1, 0) -> 0 | E19: =IF(COUNTIF(Table3[Tag Number], A19), 1, 0) -> 0 | F19: =IF(COUNTIF(Table4[Tag Number], A19), 1, 0) -> 0 | G19: =SUM(C19:F19) -> 0 | H19: {=_xlfn.IFS(OR(_xlfn.XLOOKUP(A19,Table1[Tag Number],Table1[Status],"-",0)="Dead", _xlfn.XLOOKUP(A19,Table2[Tag Number],Table2[Status],"-",0)="Dead", _xlfn.XLOOKUP(A19,Table3[Tag Number],Table3[Status],"-",0)="Dead", _xlfn.XLOOKUP(A19,Table4[Tag Number],Table4[Status],"-",0)="Dead"),"Dead", OR(_xlfn.XLOOKUP(A19,Table1[Tag Number],Table1[Status],"-",0)="Alive", _xlfn.XLOOKUP(A19,Table2[Tag Number],Table2[Status],"-",0)="Alive", _xlfn.XLOOKUP(A19,Table3[Tag Number],Table3[Status],"-",0)="Alive", _xlfn.XLOOKUP(A19,Table4[Tag Number],Table4[Status],"-",0)="Alive"),"Alive", OR(_xlfn.XLOOKUP(A19,Table1[Tag Number],Table1[Status],"-",0)="-", _xlfn.XLOOKUP(A19,Table2[Tag Number],Table2[Status],"-",0)="-", _xlfn.XLOOKUP(A19,Table3[Tag Number],Table3[Status],"-",0)="-", _xlfn.XLOOKUP(A19,Table4[Tag Number],Table4[Status],"-",0)="-"), "-")} -> - | J19: Sums: | K19: =SUM(K11:K18) -> 74 | L19: =SUM(L11:L18) -> 68 | M19: =SUM(M11:M18) -> 74 | N19: =SUM(N11:N18) -> 62 | R19: =IF(G19>1,A19) -> FALSE
A20: B016 | B20: Glade | C20: =IF(COUNTIF(Table1[Tag Number], A20), 1, 0) -> 0 | D20: =IF(COUNTIF(Table2[Tag Number], A20), 1, 0) -> 0 | E20: =IF(COUNTIF(Table3[Tag Number], A20), 1, 0) -> 0 | F20: =IF(COUNTIF(Table4[Tag Number], A20), 1, 0) -> 0 | G20: =SUM(C20:F20) -> 0 | H20: {=_xlfn.IFS(OR(_xlfn.XLOOKUP(A20,Table1[Tag Number],Table1[Status],"-",0)="Dead", _xlfn.XLOOKUP(A20,Table2[Tag Number],Table2[Status],"-",0)="Dead", _xlfn.XLOOKUP(A20,Table3[Tag Number],Table3[Status],"-",0)="Dead", _xlfn.XLOOKUP(A20,Table4[Tag Number],Table4[Status],"-",0)="Dead"),"Dead", OR(_xlfn.XLOOKUP(A20,Table1[Tag Number],Table1[Status],"-",0)="Alive", _xlfn.XLOOKUP(A20,Table2[Tag Number],Table2[Status],"-",0)="Alive", _xlfn.XLOOKUP(A20,Table3[Tag Number],Table3[Status],"-",0)="Alive", _xlfn.XLOOKUP(A20,Table4[Tag Number],Table4[Status],"-",0)="Alive"),"Alive", OR(_xlfn.XLOOKUP(A20,Table1[Tag Number],Table1[Status],"-",0)="-", _xlfn.XLOOKUP(A20,Table2[Tag Number],Table2[Status],"-",0)="-", _xlfn.XLOOKUP(A20,Table3[Tag Number],Table3[Status],"-",0)="-", _xlfn.XLOOKUP(A20,Table4[Tag Number],Table4[Status],"-",0)="-"), "-")} -> - | J20: All deads: | K20: =SUM(K15:N18) -> 144 | R20: =IF(G20>1,A20) -> FALSE
A21: B017 | B21: Glade | C21: =IF(COUNTIF(Table1[Tag Number], A21), 1, 0) -> 0 | D21: =IF(COUNTIF(Table2[Tag Number], A21), 1, 0) -> 0 | E21: =IF(COUNTIF(Table3[Tag Number], A21), 1, 0) -> 0 | F21: =IF(COUNTIF(Table4[Tag Number], A21), 1, 0) -> 0 | G21: =SUM(C21:F21) -> 0 | H21: {=_xlfn.IFS(OR(_xlfn.XLOOKUP(A21,Table1[Tag Number],Table1[Status],"-",0)="Dead", _xlfn.XLOOKUP(A21,Table2[Tag Number],Table2[Status],"-",0)="Dead", _xlfn.XLOOKUP(A21,Table3[Tag Number],Table3[Status],"-",0)="Dead", _xlfn.XLOOKUP(A21,Table4[Tag Number],Table4[Status],"-",0)="Dead"),"Dead", OR(_xlfn.XLOOKUP(A21,Table1[Tag Number],Table1[Status],"-",0)="Alive", _xlfn.XLOOKUP(A21,Table2[Tag Number],Table2[Status],"-",0)="Alive", _xlfn.XLOOKUP(A21,Table3[Tag Number],Table3[Status],"-",0)="Alive", _xlfn.XLOOKUP(A21,Table4[Tag Number],Table4[Status],"-",0)="Alive"),"Alive", OR(_xlfn.XLOOKUP(A21,Table1[Tag Number],Table1[Status],"-",0)="-", _xlfn.XLOOKUP(A21,Table2[Tag Number],Table2[Status],"-",0)="-", _xlfn.XLOOKUP(A21,Table3[Tag Number],Table3[Status],"-",0)="-", _xlfn.XLOOKUP(A21,Table4[Tag Number],Table4[Status],"-",0)="-"), "-")} -> - | R21: =IF(G21>1,A21) -> FALSE
A22: B018 | B22: Glade | C22: =IF(COUNTIF(Table1[Tag Number], A22), 1, 0) -> 0 | D22: =IF(COUNTIF(Table2[Tag Number], A22), 1, 0) -> 0 | E22: =IF(COUNTIF(Table3[Tag Number], A22), 1, 0) -> 0 | F22: =IF(COUNTIF(Table4[Tag Number], A22), 1, 0) -> 0 | G22: =SUM(C22:F22) -> 0 | H22: {=_xlfn.IFS(OR(_xlfn.XLOOKUP(A22,Table1[Tag Number],Table1[Status],"-",0)="Dead", _xlfn.XLOOKUP(A22,Table2[Tag Number],Table2[Status],"-",0)="Dead", _xlfn.XLOOKUP(A22,Table3[Tag Number],Table3[Status],"-",0)="Dead", _xlfn.XLOOKUP(A22,Table4[Tag Number],Table4[Status],"-",0)="Dead"),"Dead", OR(_xlfn.XLOOKUP(A22,Table1[Tag Number],Table1[Status],"-",0)="Alive", _xlfn.XLOOKUP(A22,Table2[Tag Number],Table2[Status],"-",0)="Alive", _xlfn.XLOOKUP(A22,Table3[Tag Number],Table3[Status],"-",0)="Alive", _xlfn.XLOOKUP(A22,Table4[Tag Number],Table4[Status],"-",0)="Alive"),"Alive", OR(_xlfn.XLOOKUP(A22,Table1[Tag Number],Table1[Status],"-",0)="-", _xlfn.XLOOKUP(A22,Table2[Tag Number],Table2[Status],"-",0)="-", _xlfn.XLOOKUP(A22,Table3[Tag Number],Table3[Status],"-",0)="-", _xlfn.XLOOKUP(A22,Table4[Tag Number],Table4[Status],"-",0)="-"), "-")} -> - | J22: Unknown Alive | K22: =SUM(K12:N12) -> 10 | R22: =IF(G22>1,A22) -> FALSE
A23: B019 | B23: Glade | C23: =IF(COUNTIF(Table1[Tag Number], A23), 1, 0) -> 0 | D23: =IF(COUNTIF(Table2[Tag Number], A23), 1, 0) -> 0 | E23: =IF(COUNTIF(Table3[Tag Number], A23), 1, 0) -> 0 | F23: =IF(COUNTIF(Table4[Tag Number], A23), 1, 0) -> 0 | G23: =SUM(C23:F23) -> 0 | H23: {=_xlfn.IFS(OR(_xlfn.XLOOKUP(A23,Table1[Tag Number],Table1[Status],"-",0)="Dead", _xlfn.XLOOKUP(A23,Table2[Tag Number],Table2[Status],"-",0)="Dead", _xlfn.XLOOKUP(A23,Table3[Tag Number],Table3[Status],"-",0)="Dead", _xlfn.XLOOKUP(A23,Table4[Tag Number],Table4[Status],"-",0)="Dead"),"Dead", OR(_xlfn.XLOOKUP(A23,Table1[Tag Number],Table1[Status],"-",0)="Alive", _xlfn.XLOOKUP(A23,Table2[Tag Number],Table2[Status],"-",0)="Alive", _xlfn.XLOOKUP(A23,Table3[Tag Number],Table3[Status],"-",0)="Alive", _xlfn.XLOOKUP(A23,Table4[Tag Number],Table4[Status],"-",0)="Alive"),"Alive", OR(_xlfn.XLOOKUP(A23,Table1[Tag Number],Table1[Status],"-",0)="-", _xlfn.XLOOKUP(A23,Table2[Tag Number],Table2[Status],"-",0)="-", _xlfn.XLOOKUP(A23,Table3[Tag Number],Table3[Status],"-",0)="-", _xlfn.XLOOKUP(A23,Table4[Tag Number],Table4[Status],"-",0)="-"), "-")} -> - | R23: =IF(G23>1,A23) -> FALSE
A24: B020 | B24: Snakeden | C24: =IF(COUNTIF(Table1[Tag Number], A24), 1, 0) -> 0 | D24: =IF(COUNTIF(Table2[Tag Number], A24), 1, 0) -> 0 | E24: =IF(COUNTIF(Table3[Tag Number], A24), 1, 0) -> 0 | F24: =IF(COUNTIF(Table4[Tag Number], A24), 1, 0) -> 0 | G24: =SUM(C24:F24) -> 0 | H24: {=_xlfn.IFS(OR(_xlfn.XLOOKUP(A24,Table1[Tag Number],Table1[Status],"-",0)="Dead", _xlfn.XLOOKUP(A24,Table2[Tag Number],Table2[Status],"-",0)="Dead", _xlfn.XLOOKUP(A24,Table3[Tag Number],Table3[Status],"-",0)="Dead", _xlfn.XLOOKUP(A24,Table4[Tag Number],Table4[Status],"-",0)="Dead"),"Dead", OR(_xlfn.XLOOKUP(A24,Table1[Tag Number],Table1[Status],"-",0)="Alive", _xlfn.XLOOKUP(A24,Table2[Tag Number],Table2[Status],"-",0)="Alive", _xlfn.XLOOKUP(A24,Table3[Tag Number],Table3[Status],"-",0)="Alive", _xlfn.XLOOKUP(A24,Table4[Tag Number],Table4[Status],"-",0)="Alive"),"Alive", OR(_xlfn.XLOOKUP(A24,Table1[Tag Number],Table1[Status],"-",0)="-", _xlfn.XLOOKUP(A24,Table2[Tag Number],Table2[Status],"-",0)="-", _xlfn.XLOOKUP(A24,Table3[Tag Number],Table3[Status],"-",0)="-", _xlfn.XLOOKUP(A24,Table4[Tag Number],Table4[Status],"-",0)="-"), "-")} -> - | R24: =IF(G24>1,A24) -> FALSE
A25: B021 | B25: Snakeden | C25: =IF(COUNTIF(Table1[Tag Number], A25), 1, 0) -> 0 | D25: =IF(COUNTIF(Table2[Tag Number], A25), 1, 0) -> 0 | E25: =IF(COUNTIF(Table3[Tag Number], A25), 1, 0) -> 0 | F25: =IF(COUNTIF(Table4[Tag Number], A25), 1, 0) -> 0 | G25: =SUM(C25:F25) -> 0 | H25: {=_xlfn.IFS(OR(_xlfn.XLOOKUP(A25,Table1[Tag Number],Table1[Status],"-",0)="Dead", _xlfn.XLOOKUP(A25,Table2[Tag Number],Table2[Status],"-",0)="Dead", _xlfn.XLOOKUP(A25,Table3[Tag Number],Table3[Status],"-",0)="Dead", _xlfn.XLOOKUP(A25,Table4[Tag Number],Table4[Status],"-",0)="Dead"),"Dead", OR(_xlfn.XLOOKUP(A25,Table1[Tag Number],Table1[Status],"-",0)="Alive", _xlfn.XLOOKUP(A25,Table2[Tag Number],Table2[Status],"-",0)="Alive", _xlfn.XLOOKUP(A25,Table3[Tag Number],Table3[Status],"-",0)="Alive", _xlfn.XLOOKUP(A25,Table4[Tag Number],Table4[Status],"-",0)="Alive"),"Alive", OR(_xlfn.XLOOKUP(A25,Table1[Tag Number],Table1[Status],"-",0)="-", _xlfn.XLOOKUP(A25,Table2[Tag Number],Table2[Status],"-",0)="-", _xlfn.XLOOKUP(A25,Table3[Tag Number],Table3[Status],"-",0)="-", _xlfn.XLOOKUP(A25,Table4[Tag Number],Table4[Status],"-",0)="-"), "-")} -> - | J25: Includes Retagged | M25: Does Not Include Retagged | R25: =IF(G25>1,A25) -> FALSE
A26: B022 | B26: Glade | C26: =IF(COUNTIF(Table1[Tag Number], A26), 1, 0) -> 0 | D26: =IF(COUNTIF(Table2[Tag Number], A26), 1, 0) -> 0 | E26: =IF(COUNTIF(Table3[Tag Number], A26), 1, 0) -> 0 | F26: =IF(COUNTIF(Table4[Tag Number], A26), 1, 0) -> 0 | G26: =SUM(C26:F26) -> 0 | H26: {=_xlfn.IFS(OR(_xlfn.XLOOKUP(A26,Table1[Tag Number],Table1[Status],"-",0)="Dead", _xlfn.XLOOKUP(A26,Table2[Tag Number],Table2[Status],"-",0)="Dead", _xlfn.XLOOKUP(A26,Table3[Tag Number],Table3[Status],"-",0)="Dead", _xlfn.XLOOKUP(A26,Table4[Tag Number],Table4[Status],"-",0)="Dead"),"Dead", OR(_xlfn.XLOOKUP(A26,Table1[Tag Number],Table1[Status],"-",0)="Alive", _xlfn.XLOOKUP(A26,Table2[Tag Number],Table2[Status],"-",0)="Alive", _xlfn.XLOOKUP(A26,Table3[Tag Number],Table3[Status],"-",0)="Alive", _xlfn.XLOOKUP(A26,Table4[Tag Number],Table4[Status],"-",0)="Alive"),"Alive", OR(_xlfn.XLOOKUP(A26,Table1[Tag Number],Table1[Status],"-",0)="-", _xlfn.XLOOKUP(A26,Table2[Tag Number],Table2[Status],"-",0)="-", _xlfn.XLOOKUP(A26,Table3[Tag Number],Table3[Status],"-",0)="-", _xlfn.XLOOKUP(A26,Table4[Tag Number],Table4[Status],"-",0)="-"), "-")} -> - | J26: Tagged Mussels Found (At least once) | K26: =SUM(K29:K32) -> 213 | M26: Tagged Mussels Found (At least once) | N26: =SUM(N29:N32) -> 203 | R26: =IF(G26>1,A26) -> FALSE
A27: B023 | B27: Glade | C27: =IF(COUNTIF(Table1[Tag Number], A27), 1, 0) -> 0 | D27: =IF(COUNTIF(Table2[Tag Number], A27), 1, 0) -> 0 | E27: =IF(COUNTIF(Table3[Tag Number], A27), 1, 0) -> 0 | F27: =IF(COUNTIF(Table4[Tag Number], A27), 1, 0) -> 0 | G27: =SUM(C27:F27) -> 0 | H27: {=_xlfn.IFS(OR(_xlfn.XLOOKUP(A27,Table1[Tag Number],Table1[Status],"-",0)="Dead", _xlfn.XLOOKUP(A27,Table2[Tag Number],Table2[Status],"-",0)="Dead", _xlfn.XLOOKUP(A27,Table3[Tag Number],Table3[Status],"-",0)="Dead", _xlfn.XLOOKUP(A27,Table4[Tag Number],Table4[Status],"-",0)="Dead"),"Dead", OR(_xlfn.XLOOKUP(A27,Table1[Tag Number],Table1[Status],"-",0)="Alive", _xlfn.XLOOKUP(A27,Table2[Tag Number],Table2[Status],"-",0)="Alive", _xlfn.XLOOKUP(A27,Table3[Tag Number],Table3[Status],"-",0)="Alive", _xlfn.XLOOKUP(A27,Table4[Tag Number],Table4[Status],"-",0)="Alive"),"Alive", OR(_xlfn.XLOOKUP(A27,Table1[Tag Number],Table1[Status],"-",0)="-", _xlfn.XLOOKUP(A27,Table2[Tag Number],Table2[Status],"-",0)="-", _xlfn.XLOOKUP(A27,Table3[Tag Number],Table3[Status],"-",0)="-", _xlfn.XLOOKUP(A27,Table4[Tag Number],Table4[Status],"-",0)="-"), "-")} -> - | J27: Total Observations | K27: =SUM(K8:N8) -> 278 | R27: =IF(G27>1,A27) -> FALSE
A28: B024 | B28: Snakeden | C28: =IF(COUNTIF(Table1[Tag Number], A28), 1, 0) -> 0 | D28: =IF(COUNTIF(Table2[Tag Number], A28), 1, 0) -> 0 | E28: =IF(COUNTIF(Table3[Tag Number], A28), 1, 0) -> 0 | F28: =IF(COUNTIF(Table4[Tag Number], A28), 1, 0) -> 0 | G28: =SUM(C28:F28) -> 0 | H28: {=_xlfn.IFS(OR(_xlfn.XLOOKUP(A28,Table1[Tag Number],Table1[Status],"-",0)="Dead", _xlfn.XLOOKUP(A28,Table2[Tag Number],Table2[Status],"-",0)="Dead", _xlfn.XLOOKUP(A28,Table3[Tag Number],Table3[Status],"-",0)="Dead", _xlfn.XLOOKUP(A28,Table4[Tag Number],Table4[Status],"-",0)="Dead"),"Dead", OR(_xlfn.XLOOKUP(A28,Table1[Tag Number],Table1[Status],"-",0)="Alive", _xlfn.XLOOKUP(A28,Table2[Tag Number],Table2[Status],"-",0)="Alive", _xlfn.XLOOKUP(A28,Table3[Tag Number],Table3[Status],"-",0)="Alive", _xlfn.XLOOKUP(A28,Table4[Tag Number],Table4[Status],"-",0)="Alive"),"Alive", OR(_xlfn.XLOOKUP(A28,Table1[Tag Number],Table1[Status],"-",0)="-", _xlfn.XLOOKUP(A28,Table2[Tag Number],Table2[Status],"-",0)="-", _xlfn.XLOOKUP(A28,Table3[Tag Number],Table3[Status],"-",0)="-", _xlfn.XLOOKUP(A28,Table4[Tag Number],Table4[Status],"-",0)="-"), "-")} -> - | J28: Found in multiple passes | K28: =COUNTIF(G4:G2998,">1") -> 25 | M28: Found in multiple passes | N28: =COUNTIF(G4:G2805,">1") -> 23 | R28: =IF(G28>1,A28) -> FALSE
A29: B025 | B29: Glade | C29: =IF(COUNTIF(Table1[Tag Number], A29), 1, 0) -> 0 | D29: =IF(COUNTIF(Table2[Tag Number], A29), 1, 0) -> 0 | E29: =IF(COUNTIF(Table3[Tag Number], A29), 1, 0) -> 0 | F29: =IF(COUNTIF(Table4[Tag Number], A29), 1, 0) -> 0 | G29: =SUM(C29:F29) -> 0 | H29: {=_xlfn.IFS(OR(_xlfn.XLOOKUP(A29,Table1[Tag Number],Table1[Status],"-",0)="Dead", _xlfn.XLOOKUP(A29,Table2[Tag Number],Table2[Status],"-",0)="Dead", _xlfn.XLOOKUP(A29,Table3[Tag Number],Table3[Status],"-",0)="Dead", _xlfn.XLOOKUP(A29,Table4[Tag Number],Table4[Status],"-",0)="Dead"),"Dead", OR(_xlfn.XLOOKUP(A29,Table1[Tag Number],Table1[Status],"-",0)="Alive", _xlfn.XLOOKUP(A29,Table2[Tag Number],Table2[Status],"-",0)="Alive", _xlfn.XLOOKUP(A29,Table3[Tag Number],Table3[Status],"-",0)="Alive", _xlfn.XLOOKUP(A29,Table4[Tag Number],Table4[Status],"-",0)="Alive"),"Alive", OR(_xlfn.XLOOKUP(A29,Table1[Tag Number],Table1[Status],"-",0)="-", _xlfn.XLOOKUP(A29,Table2[Tag Number],Table2[Status],"-",0)="-", _xlfn.XLOOKUP(A29,Table3[Tag Number],Table3[Status],"-",0)="-", _xlfn.XLOOKUP(A29,Table4[Tag Number],Table4[Status],"-",0)="-"), "-")} -> - | J29: Tagged Mussels Found only Once | K29: =COUNTIF(G4:G2998,"1") -> 188 | M29: Tagged Mussels Found only Once | N29: =COUNTIF(G4:G2805,"1") -> 180 | R29: =IF(G29>1,A29) -> FALSE
A30: B026 | B30: Glade | C30: =IF(COUNTIF(Table1[Tag Number], A30), 1, 0) -> 0 | D30: =IF(COUNTIF(Table2[Tag Number], A30), 1, 0) -> 0 | E30: =IF(COUNTIF(Table3[Tag Number], A30), 1, 0) -> 0 | F30: =IF(COUNTIF(Table4[Tag Number], A30), 1, 0) -> 0 | G30: =SUM(C30:F30) -> 0 | H30: {=_xlfn.IFS(OR(_xlfn.XLOOKUP(A30,Table1[Tag Number],Table1[Status],"-",0)="Dead", _xlfn.XLOOKUP(A30,Table2[Tag Number],Table2[Status],"-",0)="Dead", _xlfn.XLOOKUP(A30,Table3[Tag Number],Table3[Status],"-",0)="Dead", _xlfn.XLOOKUP(A30,Table4[Tag Number],Table4[Status],"-",0)="Dead"),"Dead", OR(_xlfn.XLOOKUP(A30,Table1[Tag Number],Table1[Status],"-",0)="Alive", _xlfn.XLOOKUP(A30,Table2[Tag Number],Table2[Status],"-",0)="Alive", _xlfn.XLOOKUP(A30,Table3[Tag Number],Table3[Status],"-",0)="Alive", _xlfn.XLOOKUP(A30,Table4[Tag Number],Table4[Status],"-",0)="Alive"),"Alive", OR(_xlfn.XLOOKUP(A30,Table1[Tag Number],Table1[Status],"-",0)="-", _xlfn.XLOOKUP(A30,Table2[Tag Number],Table2[Status],"-",0)="-", _xlfn.XLOOKUP(A30,Table3[Tag Number],Table3[Status],"-",0)="-", _xlfn.XLOOKUP(A30,Table4[Tag Number],Table4[Status],"-",0)="-"), "-")} -> - | J30: Tagged Mussels Found Twice | K30: =COUNTIF(G4:G2998,"2") -> 22 | M30: Tagged Mussels Found Twice | N30: =COUNTIF(G4:G2805,"2") -> 20 | R30: =IF(G30>1,A30) -> FALSE
A31: B027 | B31: Glade | C31: =IF(COUNTIF(Table1[Tag Number], A31), 1, 0) -> 0 | D31: =IF(COUNTIF(Table2[Tag Number], A31), 1, 0) -> 0 | E31: =IF(COUNTIF(Table3[Tag Number], A31), 1, 0) -> 0 | F31: =IF(COUNTIF(Table4[Tag Number], A31), 1, 0) -> 0 | G31: =SUM(C31:F31) -> 0 | H31: {=_xlfn.IFS(OR(_xlfn.XLOOKUP(A31,Table1[Tag Number],Table1[Status],"-",0)="Dead", _xlfn.XLOOKUP(A31,Table2[Tag Number],Table2[Status],"-",0)="Dead", _xlfn.XLOOKUP(A31,Table3[Tag Number],Table3[Status],"-",0)="Dead", _xlfn.XLOOKUP(A31,Table4[Tag Number],Table4[Status],"-",0)="Dead"),"Dead", OR(_xlfn.XLOOKUP(A31,Table1[Tag Number],Table1[Status],"-",0)="Alive", _xlfn.XLOOKUP(A31,Table2[Tag Number],Table2[Status],"-",0)="Alive", _xlfn.XLOOKUP(A31,Table3[Tag Number],Table3[Status],"-",0)="Alive", _xlfn.XLOOKUP(A31,Table4[Tag Number],Table4[Status],"-",0)="Alive"),"Alive", OR(_xlfn.XLOOKUP(A31,Table1[Tag Number],Table1[Status],"-",0)="-", _xlfn.XLOOKUP(A31,Table2[Tag Number],Table2[Status],"-",0)="-", _xlfn.XLOOKUP(A31,Table3[Tag Number],Table3[Status],"-",0)="-", _xlfn.XLOOKUP(A31,Table4[Tag Number],Table4[Status],"-",0)="-"), "-")} -> - | J31: Tagged Mussels Found Thrice | K31: =COUNTIF(G4:G2998,"3") -> 3 | M31: Tagged Mussels Found Thrice | N31: =COUNTIF(G4:G2805,"3") -> 3 | R31: =IF(G31>1,A31) -> FALSE
A32: B028 | B32: Glade | C32: =IF(COUNTIF(Table1[Tag Number], A32), 1, 0) -> 0 | D32: =IF(COUNTIF(Table2[Tag Number], A32), 1, 0) -> 0 | E32: =IF(COUNTIF(Table3[Tag Number], A32), 1, 0) -> 0 | F32: =IF(COUNTIF(Table4[Tag Number], A32), 1, 0) -> 0 | G32: =SUM(C32:F32) -> 0 | H32: {=_xlfn.IFS(OR(_xlfn.XLOOKUP(A32,Table1[Tag Number],Table1[Status],"-",0)="Dead", _xlfn.XLOOKUP(A32,Table2[Tag Number],Table2[Status],"-",0)="Dead", _xlfn.XLOOKUP(A32,Table3[Tag Number],Table3[Status],"-",0)="Dead", _xlfn.XLOOKUP(A32,Table4[Tag Number],Table4[Status],"-",0)="Dead"),"Dead", OR(_xlfn.XLOOKUP(A32,Table1[Tag Number],Table1[Status],"-",0)="Alive", _xlfn.XLOOKUP(A32,Table2[Tag Number],Table2[Status],"-",0)="Alive", _xlfn.XLOOKUP(A32,Table3[Tag Number],Table3[Status],"-",0)="Alive", _xlfn.XLOOKUP(A32,Table4[Tag Number],Table4[Status],"-",0)="Alive"),"Alive", OR(_xlfn.XLOOKUP(A32,Table1[Tag Number],Table1[Status],"-",0)="-", _xlfn.XLOOKUP(A32,Table2[Tag Number],Table2[Status],"-",0)="-", _xlfn.XLOOKUP(A32,Table3[Tag Number],Table3[Status],"-",0)="-", _xlfn.XLOOKUP(A32,Table4[Tag Number],Table4[Status],"-",0)="-"), "-")} -> - | J32: Tagged Mussels Found 4 times | K32: =COUNTIF(G4:G2998,"4") -> 0 | M32: Tagged Mussels Found 4 times | N32: =COUNTIF(G4:G2805,"4") -> 0 | R32: =IF(G32>1,A32) -> FALSE
A33: B029 | B33: Snakeden | C33: =IF(COUNTIF(Table1[Tag Number], A33), 1, 0) -> 0 | D33: =IF(COUNTIF(Table2[Tag Number], A33), 1, 0) -> 0 | E33: =IF(COUNTIF(Table3[Tag Number], A33), 1, 0) -> 0 | F33: =IF(COUNTIF(Table4[Tag Number], A33), 1, 0) -> 0 | G33: =SUM(C33:F33) -> 0 | H33: {=_xlfn.IFS(OR(_xlfn.XLOOKUP(A33,Table1[Tag Number],Table1[Status],"-",0)="Dead", _xlfn.XLOOKUP(A33,Table2[Tag Number],Table2[Status],"-",0)="Dead", _xlfn.XLOOKUP(A33,Table3[Tag Number],Table3[Status],"-",0)="Dead", _xlfn.XLOOKUP(A33,Table4[Tag Number],Table4[Status],"-",0)="Dead"),"Dead", OR(_xlfn.XLOOKUP(A33,Table1[Tag Number],Table1[Status],"-",0)="Alive", _xlfn.XLOOKUP(A33,Table2[Tag Number],Table2[Status],"-",0)="Alive", _xlfn.XLOOKUP(A33,Table3[Tag Number],Table3[Status],"-",0)="Alive", _xlfn.XLOOKUP(A33,Table4[Tag Number],Table4[Status],"-",0)="Alive"),"Alive", OR(_xlfn.XLOOKUP(A33,Table1[Tag Number],Table1[Status],"-",0)="-", _xlfn.XLOOKUP(A33,Table2[Tag Number],Table2[Status],"-",0)="-", _xlfn.XLOOKUP(A33,Table3[Tag Number],Table3[Status],"-",0)="-", _xlfn.XLOOKUP(A33,Table4[Tag Number],Table4[Status],"-",0)="-"), "-")} -> - | J33: Total Alive by the end of the MR set (not including mussels found alive once then dead after, or mussels found alive multiple times (they will only be counted once)) | K33: =COUNTIF(H4:H3000,"Alive") -> 98 | M33: Alive tagged found | N33: =COUNTIF(H4:H2805,"Alive") -> 88 | R33: =IF(G33>1,A33) -> FALSE
A34: B030 | B34: Glade | C34: =IF(COUNTIF(Table1[Tag Number], A34), 1, 0) -> 0 | D34: =IF(COUNTIF(Table2[Tag Number], A34), 1, 0) -> 0 | E34: =IF(COUNTIF(Table3[Tag Number], A34), 1, 0) -> 0 | F34: =IF(COUNTIF(Table4[Tag Number], A34), 1, 0) -> 0 | G34: =SUM(C34:F34) -> 0 | H34: {=_xlfn.IFS(OR(_xlfn.XLOOKUP(A34,Table1[Tag Number],Table1[Status],"-",0)="Dead", _xlfn.XLOOKUP(A34,Table2[Tag Number],Table2[Status],"-",0)="Dead", _xlfn.XLOOKUP(A34,Table3[Tag Number],Table3[Status],"-",0)="Dead", _xlfn.XLOOKUP(A34,Table4[Tag Number],Table4[Status],"-",0)="Dead"),"Dead", OR(_xlfn.XLOOKUP(A34,Table1[Tag Number],Table1[Status],"-",0)="Alive", _xlfn.XLOOKUP(A34,Table2[Tag Number],Table2[Status],"-",0)="Alive", _xlfn.XLOOKUP(A34,Table3[Tag Number],Table3[Status],"-",0)="Alive", _xlfn.XLOOKUP(A34,Table4[Tag Number],Table4[Status],"-",0)="Alive"),"Alive", OR(_xlfn.XLOOKUP(A34,Table1[Tag Number],Table1[Status],"-",0)="-", _xlfn.XLOOKUP(A34,Table2[Tag Number],Table2[Status],"-",0)="-", _xlfn.XLOOKUP(A34,Table3[Tag Number],Table3[Status],"-",0)="-", _xlfn.XLOOKUP(A34,Table4[Tag Number],Table4[Status],"-",0)="-"), "-")} -> - | J34: Total dead found by the end of the MR set | K34: =COUNTIF(H4:H3000,"Dead") -> 115 | M34: Dead tagged found | N34: =COUNTIF(H4:H2805,"Dead") -> 115 | R34: =IF(G34>1,A34) -> FALSE
A35: B031 | B35: Glade | C35: =IF(COUNTIF(Table1[Tag Number], A35), 1, 0) -> 0 | D35: =IF(COUNTIF(Table2[Tag Number], A35), 1, 0) -> 0 | E35: =IF(COUNTIF(Table3[Tag Number], A35), 1, 0) -> 0 | F35: =IF(COUNTIF(Table4[Tag Number], A35), 1, 0) -> 0 | G35: =SUM(C35:F35) -> 0 | H35: {=_xlfn.IFS(OR(_xlfn.XLOOKUP(A35,Table1[Tag Number],Table1[Status],"-",0)="Dead", _xlfn.XLOOKUP(A35,Table2[Tag Number],Table2[Status],"-",0)="Dead", _xlfn.XLOOKUP(A35,Table3[Tag Number],Table3[Status],"-",0)="Dead", _xlfn.XLOOKUP(A35,Table4[Tag Number],Table4[Status],"-",0)="Dead"),"Dead", OR(_xlfn.XLOOKUP(A35,Table1[Tag Number],Table1[Status],"-",0)="Alive", _xlfn.XLOOKUP(A35,Table2[Tag Number],Table2[Status],"-",0)="Alive", _xlfn.XLOOKUP(A35,Table3[Tag Number],Table3[Status],"-",0)="Alive", _xlfn.XLOOKUP(A35,Table4[Tag Number],Table4[Status],"-",0)="Alive"),"Alive", OR(_xlfn.XLOOKUP(A35,Table1[Tag Number],Table1[Status],"-",0)="-", _xlfn.XLOOKUP(A35,Table2[Tag Number],Table2[Status],"-",0)="-", _xlfn.XLOOKUP(A35,Table3[Tag Number],Table3[Status],"-",0)="-", _xlfn.XLOOKUP(A35,Table4[Tag Number],Table4[Status],"-",0)="-"), "-")} -> - | R35: =IF(G35>1,A35) -> FALSE
A36: B032 | B36: Glade | C36: =IF(COUNTIF(Table1[Tag Number], A36), 1, 0) -> 0 | D36: =IF(COUNTIF(Table2[Tag Number], A36), 1, 0) -> 0 | E36: =IF(COUNTIF(Table3[Tag Number], A36), 1, 0) -> 0 | F36: =IF(COUNTIF(Table4[Tag Number], A36), 1, 0) -> 0 | G36: =SUM(C36:F36) -> 0 | H36: {=_xlfn.IFS(OR(_xlfn.XLOOKUP(A36,Table1[Tag Number],Table1[Status],"-",0)="Dead", _xlfn.XLOOKUP(A36,Table2[Tag Number],Table2[Status],"-",0)="Dead", _xlfn.XLOOKUP(A36,Table3[Tag Number],Table3[Status],"-",0)="Dead", _xlfn.XLOOKUP(A36,Table4[Tag Number],Table4[Status],"-",0)="Dead"),"Dead", OR(_xlfn.XLOOKUP(A36,Table1[Tag Number],Table1[Status],"-",0)="Alive", _xlfn.XLOOKUP(A36,Table2[Tag Number],Table2[Status],"-",0)="Alive", _xlfn.XLOOKUP(A36,Table3[Tag Number],Table3[Status],"-",0)="Alive", _xlfn.XLOOKUP(A36,Table4[Tag Number],Table4[Status],"-",0)="Alive"),"Alive", OR(_xlfn.XLOOKUP(A36,Table1[Tag Number],Table1[Status],"-",0)="-", _xlfn.XLOOKUP(A36,Table2[Tag Number],Table2[Status],"-",0)="-", _xlfn.XLOOKUP(A36,Table3[Tag Number],Table3[Status],"-",0)="-", _xlfn.XLOOKUP(A36,Table4[Tag Number],Table4[Status],"-",0)="-"), "-")} -> - | J36: All Deads (including sacrificed, found outside of MR, Tagged, Retagged, Unknowns, and Untagged) | K36: =K20 -> 144 | R36: =IF(G36>1,A36) -> FALSE
A37: B033 | B37: Glade | C37: =IF(COUNTIF(Table1[Tag Number], A37), 1, 0) -> 0 | D37: =IF(COUNTIF(Table2[Tag Number], A37), 1, 0) -> 0 | E37: =IF(COUNTIF(Table3[Tag Number], A37), 1, 0) -> 0 | F37: =IF(COUNTIF(Table4[Tag Number], A37), 1, 0) -> 0 | G37: =SUM(C37:F37) -> 0 | H37: {=_xlfn.IFS(OR(_xlfn.XLOOKUP(A37,Table1[Tag Number],Table1[Status],"-",0)="Dead", _xlfn.XLOOKUP(A37,Table2[Tag Number],Table2[Status],"-",0)="Dead", _xlfn.XLOOKUP(A37,Table3[Tag Number],Table3[Status],"-",0)="Dead", _xlfn.XLOOKUP(A37,Table4[Tag Number],Table4[Status],"-",0)="Dead"),"Dead", OR(_xlfn.XLOOKUP(A37,Table1[Tag Number],Table1[Status],"-",0)="Alive", _xlfn.XLOOKUP(A37,Table2[Tag Number],Table2[Status],"-",0)="Alive", _xlfn.XLOOKUP(A37,Table3[Tag Number],Table3[Status],"-",0)="Alive", _xlfn.XLOOKUP(A37,Table4[Tag Number],Table4[Status],"-",0)="Alive"),"Alive", OR(_xlfn.XLOOKUP(A37,Table1[Tag Number],Table1[Status],"-",0)="-", _xlfn.XLOOKUP(A37,Table2[Tag Number],Table2[Status],"-",0)="-", _xlfn.XLOOKUP(A37,Table3[Tag Number],Table3[Status],"-",0)="-", _xlfn.XLOOKUP(A37,Table4[Tag Number],Table4[Status],"-",0)="-"), "-")} -> - | J37: Manually counted deads | K37: =SUM('Snakeden MR'!E80,'Snakeden MR'!L74,'Snakeden MR'!S80,'Snakeden MR'!Z68) -> 144 | R37: =IF(G37>1,A37) -> FALSE
A38: B034 | B38: Snakeden | C38: =IF(COUNTIF(Table1[Tag Number], A38), 1, 0) -> 0 | D38: =IF(COUNTIF(Table2[Tag Number], A38), 1, 0) -> 0 | E38: =IF(COUNTIF(Table3[Tag Number], A38), 1, 0) -> 0 | F38: =IF(COUNTIF(Table4[Tag Number], A38), 1, 0) -> 0 | G38: =SUM(C38:F38) -> 0 | H38: {=_xlfn.IFS(OR(_xlfn.XLOOKUP(A38,Table1[Tag Number],Table1[Status],"-",0)="Dead", _xlfn.XLOOKUP(A38,Table2[Tag Number],Table2[Status],"-",0)="Dead", _xlfn.XLOOKUP(A38,Table3[Tag Number],Table3[Status],"-",0)="Dead", _xlfn.XLOOKUP(A38,Table4[Tag Number],Table4[Status],"-",0)="Dead"),"Dead", OR(_xlfn.XLOOKUP(A38,Table1[Tag Number],Table1[Status],"-",0)="Alive", _xlfn.XLOOKUP(A38,Table2[Tag Number],Table2[Status],"-",0)="Alive", _xlfn.XLOOKUP(A38,Table3[Tag Number],Table3[Status],"-",0)="Alive", _xlfn.XLOOKUP(A38,Table4[Tag Number],Table4[Status],"-",0)="Alive"),"Alive", OR(_xlfn.XLOOKUP(A38,Table1[Tag Number],Table1[Status],"-",0)="-", _xlfn.XLOOKUP(A38,Table2[Tag Number],Table2[Status],"-",0)="-", _xlfn.XLOOKUP(A38,Table3[Tag Number],Table3[Status],"-",0)="-", _xlfn.XLOOKUP(A38,Table4[Tag Number],Table4[Status],"-",0)="-"), "-")} -> - | R38: =IF(G38>1,A38) -> FALSE
A39: B035 | B39: Glade | C39: =IF(COUNTIF(Table1[Tag Number], A39), 1, 0) -> 0 | D39: =IF(COUNTIF(Table2[Tag Number], A39), 1, 0) -> 0 | E39: =IF(COUNTIF(Table3[Tag Number], A39), 1, 0) -> 0 | F39: =IF(COUNTIF(Table4[Tag Number], A39), 1, 0) -> 0 | G39: =SUM(C39:F39) -> 0 | H39: {=_xlfn.IFS(OR(_xlfn.XLOOKUP(A39,Table1[Tag Number],Table1[Status],"-",0)="Dead", _xlfn.XLOOKUP(A39,Table2[Tag Number],Table2[Status],"-",0)="Dead", _xlfn.XLOOKUP(A39,Table3[Tag Number],Table3[Status],"-",0)="Dead", _xlfn.XLOOKUP(A39,Table4[Tag Number],Table4[Status],"-",0)="Dead"),"Dead", OR(_xlfn.XLOOKUP(A39,Table1[Tag Number],Table1[Status],"-",0)="Alive", _xlfn.XLOOKUP(A39,Table2[Tag Number],Table2[Status],"-",0)="Alive", _xlfn.XLOOKUP(A39,Table3[Tag Number],Table3[Status],"-",0)="Alive", _xlfn.XLOOKUP(A39,Table4[Tag Number],Table4[Status],"-",0)="Alive"),"Alive", OR(_xlfn.XLOOKUP(A39,Table1[Tag Number],Table1[Status],"-",0)="-", _xlfn.XLOOKUP(A39,Table2[Tag Number],Table2[Status],"-",0)="-", _xlfn.XLOOKUP(A39,Table3[Tag Number],Table3[Status],"-",0)="-", _xlfn.XLOOKUP(A39,Table4[Tag Number],Table4[Status],"-",0)="-"), "-")} -> - | R39: =IF(G39>1,A39) -> FALSE
A40: B036 | B40: Glade | C40: =IF(COUNTIF(Table1[Tag Number], A40), 1, 0) -> 0 | D40: =IF(COUNTIF(Table2[Tag Number], A40), 1, 0) -> 0 | E40: =IF(COUNTIF(Table3[Tag Number], A40), 1, 0) -> 0 | F40: =IF(COUNTIF(Table4[Tag Number], A40), 1, 0) -> 0 | G40: =SUM(C40:F40) -> 0 | H40: {=_xlfn.IFS(OR(_xlfn.XLOOKUP(A40,Table1[Tag Number],Table1[Status],"-",0)="Dead", _xlfn.XLOOKUP(A40,Table2[Tag Number],Table2[Status],"-",0)="Dead", _xlfn.XLOOKUP(A40,Table3[Tag Number],Table3[Status],"-",0)="Dead", _xlfn.XLOOKUP(A40,Table4[Tag Number],Table4[Status],"-",0)="Dead"),"Dead", OR(_xlfn.XLOOKUP(A40,Table1[Tag Number],Table1[Status],"-",0)="Alive", _xlfn.XLOOKUP(A40,Table2[Tag Number],Table2[Status],"-",0)="Alive", _xlfn.XLOOKUP(A40,Table3[Tag Number],Table3[Status],"-",0)="Alive", _xlfn.XLOOKUP(A40,Table4[Tag Number],Table4[Status],"-",0)="Alive"),"Alive", OR(_xlfn.XLOOKUP(A40,Table1[Tag Number],Table1[Status],"-",0)="-", _xlfn.XLOOKUP(A40,Table2[Tag Number],Table2[Status],"-",0)="-", _xlfn.XLOOKUP(A40,Table3[Tag Number],Table3[Status],"-",0)="-", _xlfn.XLOOKUP(A40,Table4[Tag Number],Table4[Status],"-",0)="-"), "-")} -> - | R40: =IF(G40>1,A40) -> FALSE
A41: B037 | B41: Glade | C41: =IF(COUNTIF(Table1[Tag Number], A41), 1, 0) -> 0 | D41: =IF(COUNTIF(Table2[Tag Number], A41), 1, 0) -> 0 | E41: =IF(COUNTIF(Table3[Tag Number], A41), 1, 0) -> 0 | F41: =IF(COUNTIF(Table4[Tag Number], A41), 1, 0) -> 0 | G41: =SUM(C41:F41) -> 0 | H41: {=_xlfn.IFS(OR(_xlfn.XLOOKUP(A41,Table1[Tag Number],Table1[Status],"-",0)="Dead", _xlfn.XLOOKUP(A41,Table2[Tag Number],Table2[Status],"-",0)="Dead", _xlfn.XLOOKUP(A41,Table3[Tag Number],Table3[Status],"-",0)="Dead", _xlfn.XLOOKUP(A41,Table4[Tag Number],Table4[Status],"-",0)="Dead"),"Dead", OR(_xlfn.XLOOKUP(A41,Table1[Tag Number],Table1[Status],"-",0)="Alive", _xlfn.XLOOKUP(A41,Table2[Tag Number],Table2[Status],"-",0)="Alive", _xlfn.XLOOKUP(A41,Table3[Tag Number],Table3[Status],"-",0)="Alive", _xlfn.XLOOKUP(A41,Table4[Tag Number],Table4[Status],"-",0)="Alive"),"Alive", OR(_xlfn.XLOOKUP(A41,Table1[Tag Number],Table1[Status],"-",0)="-", _xlfn.XLOOKUP(A41,Table2[Tag Number],Table2[Status],"-",0)="-", _xlfn.XLOOKUP(A41,Table3[Tag Number],Table3[Status],"-",0)="-", _xlfn.XLOOKUP(A41,Table4[Tag Number],Table4[Status],"-",0)="-"), "-")} -> - | R41: =IF(G41>1,A41) -> FALSE
A42: B038 | B42: Glade | C42: =IF(COUNTIF(Table1[Tag Number], A42), 1, 0) -> 0 | D42: =IF(COUNTIF(Table2[Tag Number], A42), 1, 0) -> 0 | E42: =IF(COUNTIF(Table3[Tag Number], A42), 1, 0) -> 0 | F42: =IF(COUNTIF(Table4[Tag Number], A42), 1, 0) -> 0 | G42: =SUM(C42:F42) -> 0 | H42: {=_xlfn.IFS(OR(_xlfn.XLOOKUP(A42,Table1[Tag Number],Table1[Status],"-",0)="Dead", _xlfn.XLOOKUP(A42,Table2[Tag Number],Table2[Status],"-",0)="Dead", _xlfn.XLOOKUP(A42,Table3[Tag Number],Table3[Status],"-",0)="Dead", _xlfn.XLOOKUP(A42,Table4[Tag Number],Table4[Status],"-",0)="Dead"),"Dead", OR(_xlfn.XLOOKUP(A42,Table1[Tag Number],Table1[Status],"-",0)="Alive", _xlfn.XLOOKUP(A42,Table2[Tag Number],Table2[Status],"-",0)="Alive", _xlfn.XLOOKUP(A42,Table3[Tag Number],Table3[Status],"-",0)="Alive", _xlfn.XLOOKUP(A42,Table4[Tag Number],Table4[Status],"-",0)="Alive"),"Alive", OR(_xlfn.XLOOKUP(A42,Table1[Tag Number],Table1[Status],"-",0)="-", _xlfn.XLOOKUP(A42,Table2[Tag Number],Table2[Status],"-",0)="-", _xlfn.XLOOKUP(A42,Table3[Tag Number],Table3[Status],"-",0)="-", _xlfn.XLOOKUP(A42,Table4[Tag Number],Table4[Status],"-",0)="-"), "-")} -> - | J42: total alive (with retagged and unknown) | K42: =K33+K22 -> 108 | R42: =IF(G42>1,A42) -> FALSE
A43: B039 | B43: Glade | C43: =IF(COUNTIF(Table1[Tag Number], A43), 1, 0) -> 0 | D43: =IF(COUNTIF(Table2[Tag Number], A43), 1, 0) -> 0 | E43: =IF(COUNTIF(Table3[Tag Number], A43), 1, 0) -> 0 | F43: =IF(COUNTIF(Table4[Tag Number], A43), 1, 0) -> 0 | G43: =SUM(C43:F43) -> 0 | H43: {=_xlfn.IFS(OR(_xlfn.XLOOKUP(A43,Table1[Tag Number],Table1[Status],"-",0)="Dead", _xlfn.XLOOKUP(A43,Table2[Tag Number],Table2[Status],"-",0)="Dead", _xlfn.XLOOKUP(A43,Table3[Tag Number],Table3[Status],"-",0)="Dead", _xlfn.XLOOKUP(A43,Table4[Tag Number],Table4[Status],"-",0)="Dead"),"Dead", OR(_xlfn.XLOOKUP(A43,Table1[Tag Number],Table1[Status],"-",0)="Alive", _xlfn.XLOOKUP(A43,Table2[Tag Number],Table2[Status],"-",0)="Alive", _xlfn.XLOOKUP(A43,Table3[Tag Number],Table3[Status],"-",0)="Alive", _xlfn.XLOOKUP(A43,Table4[Tag Number],Table4[Status],"-",0)="Alive"),"Alive", OR(_xlfn.XLOOKUP(A43,Table1[Tag Number],Table1[Status],"-",0)="-", _xlfn.XLOOKUP(A43,Table2[Tag Number],Table2[Status],"-",0)="-", _xlfn.XLOOKUP(A43,Table3[Tag Number],Table3[Status],"-",0)="-", _xlfn.XLOOKUP(A43,Table4[Tag Number],Table4[Status],"-",0)="-"), "-")} -> - | J43: Retagged not included | R43: =IF(G43>1,A43) -> FALSE
A44: B040 | B44: Glade | C44: =IF(COUNTIF(Table1[Tag Number], A44), 1, 0) -> 0 | D44: =IF(COUNTIF(Table2[Tag Number], A44), 1, 0) -> 0 | E44: =IF(COUNTIF(Table3[Tag Number], A44), 1, 0) -> 0 | F44: =IF(COUNTIF(Table4[Tag Number], A44), 1, 0) -> 0 | G44: =SUM(C44:F44) -> 0 | H44: {=_xlfn.IFS(OR(_xlfn.XLOOKUP(A44,Table1[Tag Number],Table1[Status],"-",0)="Dead", _xlfn.XLOOKUP(A44,Table2[Tag Number],Table2[Status],"-",0)="Dead", _xlfn.XLOOKUP(A44,Table3[Tag Number],Table3[Status],"-",0)="Dead", _xlfn.XLOOKUP(A44,Table4[Tag Number],Table4[Status],"-",0)="Dead"),"Dead", OR(_xlfn.XLOOKUP(A44,Table1[Tag Number],Table1[Status],"-",0)="Alive", _xlfn.XLOOKUP(A44,Table2[Tag Number],Table2[Status],"-",0)="Alive", _xlfn.XLOOKUP(A44,Table3[Tag Number],Table3[Status],"-",0)="Alive", _xlfn.XLOOKUP(A44,Table4[Tag Number],Table4[Status],"-",0)="Alive"),"Alive", OR(_xlfn.XLOOKUP(A44,Table1[Tag Number],Table1[Status],"-",0)="-", _xlfn.XLOOKUP(A44,Table2[Tag Number],Table2[Status],"-",0)="-", _xlfn.XLOOKUP(A44,Table3[Tag Number],Table3[Status],"-",0)="-", _xlfn.XLOOKUP(A44,Table4[Tag Number],Table4[Status],"-",0)="-"), "-")} -> - | J44: Live Found 1 time | K44: =COUNTIFS(G4:G2805,"1",H4:H2805,"Alive") -> 69 | R44: =IF(G44>1,A44) -> FALSE
A45: B041 | B45: Glade | C45: =IF(COUNTIF(Table1[Tag Number], A45), 1, 0) -> 0 | D45: =IF(COUNTIF(Table2[Tag Number], A45), 1, 0) -> 0 | E45: =IF(COUNTIF(Table3[Tag Number], A45), 1, 0) -> 0 | F45: =IF(COUNTIF(Table4[Tag Number], A45), 1, 0) -> 0 | G45: =SUM(C45:F45) -> 0 | H45: {=_xlfn.IFS(OR(_xlfn.XLOOKUP(A45,Table1[Tag Number],Table1[Status],"-",0)="Dead", _xlfn.XLOOKUP(A45,Table2[Tag Number],Table2[Status],"-",0)="Dead", _xlfn.XLOOKUP(A45,Table3[Tag Number],Table3[Status],"-",0)="Dead", _xlfn.XLOOKUP(A45,Table4[Tag Number],Table4[Status],"-",0)="Dead"),"Dead", OR(_xlfn.XLOOKUP(A45,Table1[Tag Number],Table1[Status],"-",0)="Alive", _xlfn.XLOOKUP(A45,Table2[Tag Number],Table2[Status],"-",0)="Alive", _xlfn.XLOOKUP(A45,Table3[Tag Number],Table3[Status],"-",0)="Alive", _xlfn.XLOOKUP(A45,Table4[Tag Number],Table4[Status],"-",0)="Alive"),"Alive", OR(_xlfn.XLOOKUP(A45,Table1[Tag Number],Table1[Status],"-",0)="-", _xlfn.XLOOKUP(A45,Table2[Tag Number],Table2[Status],"-",0)="-", _xlfn.XLOOKUP(A45,Table3[Tag Number],Table3[Status],"-",0)="-", _xlfn.XLOOKUP(A45,Table4[Tag Number],Table4[Status],"-",0)="-"), "-")} -> - | J45: Live Found 2 times | K45: =COUNTIFS(G4:G2805,"2",H4:H2805,"Alive") -> 16 | R45: =IF(G45>1,A45) -> FALSE
A46: B042 | B46: Glade | C46: =IF(COUNTIF(Table1[Tag Number], A46), 1, 0) -> 0 | D46: =IF(COUNTIF(Table2[Tag Number], A46), 1, 0) -> 0 | E46: =IF(COUNTIF(Table3[Tag Number], A46), 1, 0) -> 0 | F46: =IF(COUNTIF(Table4[Tag Number], A46), 1, 0) -> 0 | G46: =SUM(C46:F46) -> 0 | H46: {=_xlfn.IFS(OR(_xlfn.XLOOKUP(A46,Table1[Tag Number],Table1[Status],"-",0)="Dead", _xlfn.XLOOKUP(A46,Table2[Tag Number],Table2[Status],"-",0)="Dead", _xlfn.XLOOKUP(A46,Table3[Tag Number],Table3[Status],"-",0)="Dead", _xlfn.XLOOKUP(A46,Table4[Tag Number],Table4[Status],"-",0)="Dead"),"Dead", OR(_xlfn.XLOOKUP(A46,Table1[Tag Number],Table1[Status],"-",0)="Alive", _xlfn.XLOOKUP(A46,Table2[Tag Number],Table2[Status],"-",0)="Alive", _xlfn.XLOOKUP(A46,Table3[Tag Number],Table3[Status],"-",0)="Alive", _xlfn.XLOOKUP(A46,Table4[Tag Number],Table4[Status],"-",0)="Alive"),"Alive", OR(_xlfn.XLOOKUP(A46,Table1[Tag Number],Table1[Status],"-",0)="-", _xlfn.XLOOKUP(A46,Table2[Tag Number],Table2[Status],"-",0)="-", _xlfn.XLOOKUP(A46,Table3[Tag Number],Table3[Status],"-",0)="-", _xlfn.XLOOKUP(A46,Table4[Tag Number],Table4[Status],"-",0)="-"), "-")} -> - | J46: Live Found 3 times | K46: =COUNTIFS(G4:G2805,"3",H4:H2805,"Alive") -> 3 | R46: =IF(G46>1,A46) -> FALSE
A47: B043 | B47: Glade | C47: =IF(COUNTIF(Table1[Tag Number], A47), 1, 0) -> 0 | D47: =IF(COUNTIF(Table2[Tag Number], A47), 1, 0) -> 0 | E47: =IF(COUNTIF(Table3[Tag Number], A47), 1, 0) -> 0 | F47: =IF(COUNTIF(Table4[Tag Number], A47), 1, 0) -> 0 | G47: =SUM(C47:F47) -> 0 | H47: {=_xlfn.IFS(OR(_xlfn.XLOOKUP(A47,Table1[Tag Number],Table1[Status],"-",0)="Dead", _xlfn.XLOOKUP(A47,Table2[Tag Number],Table2[Status],"-",0)="Dead", _xlfn.XLOOKUP(A47,Table3[Tag Number],Table3[Status],"-",0)="Dead", _xlfn.XLOOKUP(A47,Table4[Tag Number],Table4[Status],"-",0)="Dead"),"Dead", OR(_xlfn.XLOOKUP(A47,Table1[Tag Number],Table1[Status],"-",0)="Alive", _xlfn.XLOOKUP(A47,Table2[Tag Number],Table2[Status],"-",0)="Alive", _xlfn.XLOOKUP(A47,Table3[Tag Number],Table3[Status],"-",0)="Alive", _xlfn.XLOOKUP(A47,Table4[Tag Number],Table4[Status],"-",0)="Alive"),"Alive", OR(_xlfn.XLOOKUP(A47,Table1[Tag Number],Table1[Status],"-",0)="-", _xlfn.XLOOKUP(A47,Table2[Tag Number],Table2[Status],"-",0)="-", _xlfn.XLOOKUP(A47,Table3[Tag Number],Table3[Status],"-",0)="-", _xlfn.XLOOKUP(A47,Table4[Tag Number],Table4[Status],"-",0)="-"), "-")} -> - | J47: Live Found 4 times | K47: =COUNTIFS(G4:G2805,"4",H4:H2805,"Alive") -> 0 | R47: =IF(G47>1,A47) -> FALSE
A48: B044 | B48: Glade | C48: =IF(COUNTIF(Table1[Tag Number], A48), 1, 0) -> 0 | D48: =IF(COUNTIF(Table2[Tag Number], A48), 1, 0) -> 0 | E48: =IF(COUNTIF(Table3[Tag Number], A48), 1, 0) -> 0 | F48: =IF(COUNTIF(Table4[Tag Number], A48), 1, 0) -> 0 | G48: =SUM(C48:F48) -> 0 | H48: {=_xlfn.IFS(OR(_xlfn.XLOOKUP(A48,Table1[Tag Number],Table1[Status],"-",0)="Dead", _xlfn.XLOOKUP(A48,Table2[Tag Number],Table2[Status],"-",0)="Dead", _xlfn.XLOOKUP(A48,Table3[Tag Number],Table3[Status],"-",0)="Dead", _xlfn.XLOOKUP(A48,Table4[Tag Number],Table4[Status],"-",0)="Dead"),"Dead", OR(_xlfn.XLOOKUP(A48,Table1[Tag Number],Table1[Status],"-",0)="Alive", _xlfn.XLOOKUP(A48,Table2[Tag Number],Table2[Status],"-",0)="Alive", _xlfn.XLOOKUP(A48,Table3[Tag Number],Table3[Status],"-",0)="Alive", _xlfn.XLOOKUP(A48,Table4[Tag Number],Table4[Status],"-",0)="Alive"),"Alive", OR(_xlfn.XLOOKUP(A48,Table1[Tag Number],Table1[Status],"-",0)="-", _xlfn.XLOOKUP(A48,Table2[Tag Number],Table2[Status],"-",0)="-", _xlfn.XLOOKUP(A48,Table3[Tag Number],Table3[Status],"-",0)="-", _xlfn.XLOOKUP(A48,Table4[Tag Number],Table4[Status],"-",0)="-"), "-")} -> - | J48: Mussels Never Found this year | K48: =1578-(K37+N33+K22) -> 1336 | R48: =IF(G48>1,A48) -> FALSE
A49: B045 | B49: Glade | C49: =IF(COUNTIF(Table1[Tag Number], A49), 1, 0) -> 0 | D49: =IF(COUNTIF(Table2[Tag Number], A49), 1, 0) -> 0 | E49: =IF(COUNTIF(Table3[Tag Number], A49), 1, 0) -> 0 | F49: =IF(COUNTIF(Table4[Tag Number], A49), 1, 0) -> 0 | G49: =SUM(C49:F49) -> 0 | H49: {=_xlfn.IFS(OR(_xlfn.XLOOKUP(A49,Table1[Tag Number],Table1[Status],"-",0)="Dead", _xlfn.XLOOKUP(A49,Table2[Tag Number],Table2[Status],"-",0)="Dead", _xlfn.XLOOKUP(A49,Table3[Tag Number],Table3[Status],"-",0)="Dead", _xlfn.XLOOKUP(A49,Table4[Tag Number],Table4[Status],"-",0)="Dead"),"Dead", OR(_xlfn.XLOOKUP(A49,Table1[Tag Number],Table1[Status],"-",0)="Alive", _xlfn.XLOOKUP(A49,Table2[Tag Number],Table2[Status],"-",0)="Alive", _xlfn.XLOOKUP(A49,Table3[Tag Number],Table3[Status],"-",0)="Alive", _xlfn.XLOOKUP(A49,Table4[Tag Number],Table4[Status],"-",0)="Alive"),"Alive", OR(_xlfn.XLOOKUP(A49,Table1[Tag Number],Table1[Status],"-",0)="-", _xlfn.XLOOKUP(A49,Table2[Tag Number],Table2[Status],"-",0)="-", _xlfn.XLOOKUP(A49,Table3[Tag Number],Table3[Status],"-",0)="-", _xlfn.XLOOKUP(A49,Table4[Tag Number],Table4[Status],"-",0)="-"), "-")} -> - | R49: =IF(G49>1,A49) -> FALSE
A50: B046 | B50: Glade | C50: =IF(COUNTIF(Table1[Tag Number], A50), 1, 0) -> 0 | D50: =IF(COUNTIF(Table2[Tag Number], A50), 1, 0) -> 0 | E50: =IF(COUNTIF(Table3[Tag Number], A50), 1, 0) -> 0 | F50: =IF(COUNTIF(Table4[Tag Number], A50), 1, 0) -> 0 | G50: =SUM(C50:F50) -> 0 | H50: {=_xlfn.IFS(OR(_xlfn.XLOOKUP(A50,Table1[Tag Number],Table1[Status],"-",0)="Dead", _xlfn.XLOOKUP(A50,Table2[Tag Number],Table2[Status],"-",0)="Dead", _xlfn.XLOOKUP(A50,Table3[Tag Number],Table3[Status],"-",0)="Dead", _xlfn.XLOOKUP(A50,Table4[Tag Number],Table4[Status],"-",0)="Dead"),"Dead", OR(_xlfn.XLOOKUP(A50,Table1[Tag Number],Table1[Status],"-",0)="Alive", _xlfn.XLOOKUP(A50,Table2[Tag Number],Table2[Status],"-",0)="Alive", _xlfn.XLOOKUP(A50,Table3[Tag Number],Table3[Status],"-",0)="Alive", _xlfn.XLOOKUP(A50,Table4[Tag Number],Table4[Status],"-",0)="Alive"),"Alive", OR(_xlfn.XLOOKUP(A50,Table1[Tag Number],Table1[Status],"-",0)="-", _xlfn.XLOOKUP(A50,Table2[Tag Number],Table2[Status],"-",0)="-", _xlfn.XLOOKUP(A50,Table3[Tag Number],Table3[Status],"-",0)="-", _xlfn.XLOOKUP(A50,Table4[Tag Number],Table4[Status],"-",0)="-"), "-")} -> - | R50: =IF(G50>1,A50) -> FALSE
A51: B047 | B51: Glade | C51: =IF(COUNTIF(Table1[Tag Number], A51), 1, 0) -> 0 | D51: =IF(COUNTIF(Table2[Tag Number], A51), 1, 0) -> 0 | E51: =IF(COUNTIF(Table3[Tag Number], A51), 1, 0) -> 0 | F51: =IF(COUNTIF(Table4[Tag Number], A51), 1, 0) -> 0 | G51: =SUM(C51:F51) -> 0 | H51: {=_xlfn.IFS(OR(_xlfn.XLOOKUP(A51,Table1[Tag Number],Table1[Status],"-",0)="Dead", _xlfn.XLOOKUP(A51,Table2[Tag Number],Table2[Status],"-",0)="Dead", _xlfn.XLOOKUP(A51,Table3[Tag Number],Table3[Status],"-",0)="Dead", _xlfn.XLOOKUP(A51,Table4[Tag Number],Table4[Status],"-",0)="Dead"),"Dead", OR(_xlfn.XLOOKUP(A51,Table1[Tag Number],Table1[Status],"-",0)="Alive", _xlfn.XLOOKUP(A51,Table2[Tag Number],Table2[Status],"-",0)="Alive", _xlfn.XLOOKUP(A51,Table3[Tag Number],Table3[Status],"-",0)="Alive", _xlfn.XLOOKUP(A51,Table4[Tag Number],Table4[Status],"-",0)="Alive"),"Alive", OR(_xlfn.XLOOKUP(A51,Table1[Tag Number],Table1[Status],"-",0)="-", _xlfn.XLOOKUP(A51,Table2[Tag Number],Table2[Status],"-",0)="-", _xlfn.XLOOKUP(A51,Table3[Tag Number],Table3[Status],"-",0)="-", _xlfn.XLOOKUP(A51,Table4[Tag Number],Table4[Status],"-",0)="-"), "-")} -> - | R51: =IF(G51>1,A51) -> FALSE
A52: B048 | B52: Glade | C52: =IF(COUNTIF(Table1[Tag Number], A52), 1, 0) -> 0 | D52: =IF(COUNTIF(Table2[Tag Number], A52), 1, 0) -> 0 | E52: =IF(COUNTIF(Table3[Tag Number], A52), 1, 0) -> 0 | F52: =IF(COUNTIF(Table4[Tag Number], A52), 1, 0) -> 0 | G52: =SUM(C52:F52) -> 0 | H52: {=_xlfn.IFS(OR(_xlfn.XLOOKUP(A52,Table1[Tag Number],Table1[Status],"-",0)="Dead", _xlfn.XLOOKUP(A52,Table2[Tag Number],Table2[Status],"-",0)="Dead", _xlfn.XLOOKUP(A52,Table3[Tag Number],Table3[Status],"-",0)="Dead", _xlfn.XLOOKUP(A52,Table4[Tag Number],Table4[Status],"-",0)="Dead"),"Dead", OR(_xlfn.XLOOKUP(A52,Table1[Tag Number],Table1[Status],"-",0)="Alive", _xlfn.XLOOKUP(A52,Table2[Tag Number],Table2[Status],"-",0)="Alive", _xlfn.XLOOKUP(A52,Table3[Tag Number],Table3[Status],"-",0)="Alive", _xlfn.XLOOKUP(A52,Table4[Tag Number],Table4[Status],"-",0)="Alive"),"Alive", OR(_xlfn.XLOOKUP(A52,Table1[Tag Number],Table1[Status],"-",0)="-", _xlfn.XLOOKUP(A52,Table2[Tag Number],Table2[Status],"-",0)="-", _xlfn.XLOOKUP(A52,Table3[Tag Number],Table3[Status],"-",0)="-", _xlfn.XLOOKUP(A52,Table4[Tag Number],Table4[Status],"-",0)="-"), "-")} -> - | R52: =IF(G52>1,A52) -> FALSE
A53: B049 | B53: Glade | C53: =IF(COUNTIF(Table1[Tag Number], A53), 1, 0) -> 0 | D53: =IF(COUNTIF(Table2[Tag Number], A53), 1, 0) -> 0 | E53: =IF(COUNTIF(Table3[Tag Number], A53), 1, 0) -> 0 | F53: =IF(COUNTIF(Table4[Tag Number], A53), 1, 0) -> 0 | G53: =SUM(C53:F53) -> 0 | H53: {=_xlfn.IFS(OR(_xlfn.XLOOKUP(A53,Table1[Tag Number],Table1[Status],"-",0)="Dead", _xlfn.XLOOKUP(A53,Table2[Tag Number],Table2[Status],"-",0)="Dead", _xlfn.XLOOKUP(A53,Table3[Tag Number],Table3[Status],"-",0)="Dead", _xlfn.XLOOKUP(A53,Table4[Tag Number],Table4[Status],"-",0)="Dead"),"Dead", OR(_xlfn.XLOOKUP(A53,Table1[Tag Number],Table1[Status],"-",0)="Alive", _xlfn.XLOOKUP(A53,Table2[Tag Number],Table2[Status],"-",0)="Alive", _xlfn.XLOOKUP(A53,Table3[Tag Number],Table3[Status],"-",0)="Alive", _xlfn.XLOOKUP(A53,Table4[Tag Number],Table4[Status],"-",0)="Alive"),"Alive", OR(_xlfn.XLOOKUP(A53,Table1[Tag Number],Table1[Status],"-",0)="-", _xlfn.XLOOKUP(A53,Table2[Tag Number],Table2[Status],"-",0)="-", _xlfn.XLOOKUP(A53,Table3[Tag Number],Table3[Status],"-",0)="-", _xlfn.XLOOKUP(A53,Table4[Tag Number],Table4[Status],"-",0)="-"), "-")} -> - | R53: =IF(G53>1,A53) -> FALSE
A54: B050 | B54: Snakeden | C54: =IF(COUNTIF(Table1[Tag Number], A54), 1, 0) -> 0 | D54: =IF(COUNTIF(Table2[Tag Number], A54), 1, 0) -> 0 | E54: =IF(COUNTIF(Table3[Tag Number], A54), 1, 0) -> 0 | F54: =IF(COUNTIF(Table4[Tag Number], A54), 1, 0) -> 0 | G54: =SUM(C54:F54) -> 0 | H54: {=_xlfn.IFS(OR(_xlfn.XLOOKUP(A54,Table1[Tag Number],Table1[Status],"-",0)="Dead", _xlfn.XLOOKUP(A54,Table2[Tag Number],Table2[Status],"-",0)="Dead", _xlfn.XLOOKUP(A54,Table3[Tag Number],Table3[Status],"-",0)="Dead", _xlfn.XLOOKUP(A54,Table4[Tag Number],Table4[Status],"-",0)="Dead"),"Dead", OR(_xlfn.XLOOKUP(A54,Table1[Tag Number],Table1[Status],"-",0)="Alive", _xlfn.XLOOKUP(A54,Table2[Tag Number],Table2[Status],"-",0)="Alive", _xlfn.XLOOKUP(A54,Table3[Tag Number],Table3[Status],"-",0)="Alive", _xlfn.XLOOKUP(A54,Table4[Tag Number],Table4[Status],"-",0)="Alive"),"Alive", OR(_xlfn.XLOOKUP(A54,Table1[Tag Number],Table1[Status],"-",0)="-", _xlfn.XLOOKUP(A54,Table2[Tag Number],Table2[Status],"-",0)="-", _xlfn.XLOOKUP(A54,Table3[Tag Number],Table3[Status],"-",0)="-", _xlfn.XLOOKUP(A54,Table4[Tag Number],Table4[Status],"-",0)="-"), "-")} -> - | R54: =IF(G54>1,A54) -> FALSE
A55: B051 | B55: Snakeden | C55: =IF(COUNTIF(Table1[Tag Number], A55), 1, 0) -> 0 | D55: =IF(COUNTIF(Table2[Tag Number], A55), 1, 0) -> 0 | E55: =IF(COUNTIF(Table3[Tag Number], A55), 1, 0) -> 0 | F55: =IF(COUNTIF(Table4[Tag Number], A55), 1, 0) -> 0 | G55: =SUM(C55:F55) -> 0 | H55: {=_xlfn.IFS(OR(_xlfn.XLOOKUP(A55,Table1[Tag Number],Table1[Status],"-",0)="Dead", _xlfn.XLOOKUP(A55,Table2[Tag Number],Table2[Status],"-",0)="Dead", _xlfn.XLOOKUP(A55,Table3[Tag Number],Table3[Status],"-",0)="Dead", _xlfn.XLOOKUP(A55,Table4[Tag Number],Table4[Status],"-",0)="Dead"),"Dead", OR(_xlfn.XLOOKUP(A55,Table1[Tag Number],Table1[Status],"-",0)="Alive", _xlfn.XLOOKUP(A55,Table2[Tag Number],Table2[Status],"-",0)="Alive", _xlfn.XLOOKUP(A55,Table3[Tag Number],Table3[Status],"-",0)="Alive", _xlfn.XLOOKUP(A55,Table4[Tag Number],Table4[Status],"-",0)="Alive"),"Alive", OR(_xlfn.XLOOKUP(A55,Table1[Tag Number],Table1[Status],"-",0)="-", _xlfn.XLOOKUP(A55,Table2[Tag Number],Table2[Status],"-",0)="-", _xlfn.XLOOKUP(A55,Table3[Tag Number],Table3[Status],"-",0)="-", _xlfn.XLOOKUP(A55,Table4[Tag Number],Table4[Status],"-",0)="-"), "-")} -> - | R55: =IF(G55>1,A55) -> FALSE
A56: B052 | B56: Glade | C56: =IF(COUNTIF(Table1[Tag Number], A56), 1, 0) -> 0 | D56: =IF(COUNTIF(Table2[Tag Number], A56), 1, 0) -> 0 | E56: =IF(COUNTIF(Table3[Tag Number], A56), 1, 0) -> 0 | F56: =IF(COUNTIF(Table4[Tag Number], A56), 1, 0) -> 0 | G56: =SUM(C56:F56) -> 0 | H56: {=_xlfn.IFS(OR(_xlfn.XLOOKUP(A56,Table1[Tag Number],Table1[Status],"-",0)="Dead", _xlfn.XLOOKUP(A56,Table2[Tag Number],Table2[Status],"-",0)="Dead", _xlfn.XLOOKUP(A56,Table3[Tag Number],Table3[Status],"-",0)="Dead", _xlfn.XLOOKUP(A56,Table4[Tag Number],Table4[Status],"-",0)="Dead"),"Dead", OR(_xlfn.XLOOKUP(A56,Table1[Tag Number],Table1[Status],"-",0)="Alive", _xlfn.XLOOKUP(A56,Table2[Tag Number],Table2[Status],"-",0)="Alive", _xlfn.XLOOKUP(A56,Table3[Tag Number],Table3[Status],"-",0)="Alive", _xlfn.XLOOKUP(A56,Table4[Tag Number],Table4[Status],"-",0)="Alive"),"Alive", OR(_xlfn.XLOOKUP(A56,Table1[Tag Number],Table1[Status],"-",0)="-", _xlfn.XLOOKUP(A56,Table2[Tag Number],Table2[Status],"-",0)="-", _xlfn.XLOOKUP(A56,Table3[Tag Number],Table3[Status],"-",0)="-", _xlfn.XLOOKUP(A56,Table4[Tag Number],Table4[Status],"-",0)="-"), "-")} -> - | R56: =IF(G56>1,A56) -> FALSE
A57: B053 | B57: Glade | C57: =IF(COUNTIF(Table1[Tag Number], A57), 1, 0) -> 0 | D57: =IF(COUNTIF(Table2[Tag Number], A57), 1, 0) -> 0 | E57: =IF(COUNTIF(Table3[Tag Number], A57), 1, 0) -> 0 | F57: =IF(COUNTIF(Table4[Tag Number], A57), 1, 0) -> 0 | G57: =SUM(C57:F57) -> 0 | H57: {=_xlfn.IFS(OR(_xlfn.XLOOKUP(A57,Table1[Tag Number],Table1[Status],"-",0)="Dead", _xlfn.XLOOKUP(A57,Table2[Tag Number],Table2[Status],"-",0)="Dead", _xlfn.XLOOKUP(A57,Table3[Tag Number],Table3[Status],"-",0)="Dead", _xlfn.XLOOKUP(A57,Table4[Tag Number],Table4[Status],"-",0)="Dead"),"Dead", OR(_xlfn.XLOOKUP(A57,Table1[Tag Number],Table1[Status],"-",0)="Alive", _xlfn.XLOOKUP(A57,Table2[Tag Number],Table2[Status],"-",0)="Alive", _xlfn.XLOOKUP(A57,Table3[Tag Number],Table3[Status],"-",0)="Alive", _xlfn.XLOOKUP(A57,Table4[Tag Number],Table4[Status],"-",0)="Alive"),"Alive", OR(_xlfn.XLOOKUP(A57,Table1[Tag Number],Table1[Status],"-",0)="-", _xlfn.XLOOKUP(A57,Table2[Tag Number],Table2[Status],"-",0)="-", _xlfn.XLOOKUP(A57,Table3[Tag Number],Table3[Status],"-",0)="-", _xlfn.XLOOKUP(A57,Table4[Tag Number],Table4[Status],"-",0)="-"), "-")} -> - | R57: =IF(G57>1,A57) -> FALSE
A58: B054 | B58: Glade | C58: =IF(COUNTIF(Table1[Tag Number], A58), 1, 0) -> 0 | D58: =IF(COUNTIF(Table2[Tag Number], A58), 1, 0) -> 0 | E58: =IF(COUNTIF(Table3[Tag Number], A58), 1, 0) -> 0 | F58: =IF(COUNTIF(Table4[Tag Number], A58), 1, 0) -> 0 | G58: =SUM(C58:F58) -> 0 | H58: {=_xlfn.IFS(OR(_xlfn.XLOOKUP(A58,Table1[Tag Number],Table1[Status],"-",0)="Dead", _xlfn.XLOOKUP(A58,Table2[Tag Number],Table2[Status],"-",0)="Dead", _xlfn.XLOOKUP(A58,Table3[Tag Number],Table3[Status],"-",0)="Dead", _xlfn.XLOOKUP(A58,Table4[Tag Number],Table4[Status],"-",0)="Dead"),"Dead", OR(_xlfn.XLOOKUP(A58,Table1[Tag Number],Table1[Status],"-",0)="Alive", _xlfn.XLOOKUP(A58,Table2[Tag Number],Table2[Status],"-",0)="Alive", _xlfn.XLOOKUP(A58,Table3[Tag Number],Table3[Status],"-",0)="Alive", _xlfn.XLOOKUP(A58,Table4[Tag Number],Table4[Status],"-",0)="Alive"),"Alive", OR(_xlfn.XLOOKUP(A58,Table1[Tag Number],Table1[Status],"-",0)="-", _xlfn.XLOOKUP(A58,Table2[Tag Number],Table2[Status],"-",0)="-", _xlfn.XLOOKUP(A58,Table3[Tag Number],Table3[Status],"-",0)="-", _xlfn.XLOOKUP(A58,Table4[Tag Number],Table4[Status],"-",0)="-"), "-")} -> - | R58: =IF(G58>1,A58) -> FALSE
A59: B055 | B59: Glade | C59: =IF(COUNTIF(Table1[Tag Number], A59), 1, 0) -> 0 | D59: =IF(COUNTIF(Table2[Tag Number], A59), 1, 0) -> 0 | E59: =IF(COUNTIF(Table3[Tag Number], A59), 1, 0) -> 0 | F59: =IF(COUNTIF(Table4[Tag Number], A59), 1, 0) -> 0 | G59: =SUM(C59:F59) -> 0 | H59: {=_xlfn.IFS(OR(_xlfn.XLOOKUP(A59,Table1[Tag Number],Table1[Status],"-",0)="Dead", _xlfn.XLOOKUP(A59,Table2[Tag Number],Table2[Status],"-",0)="Dead", _xlfn.XLOOKUP(A59,Table3[Tag Number],Table3[Status],"-",0)="Dead", _xlfn.XLOOKUP(A59,Table4[Tag Number],Table4[Status],"-",0)="Dead"),"Dead", OR(_xlfn.XLOOKUP(A59,Table1[Tag Number],Table1[Status],"-",0)="Alive", _xlfn.XLOOKUP(A59,Table2[Tag Number],Table2[Status],"-",0)="Alive", _xlfn.XLOOKUP(A59,Table3[Tag Number],Table3[Status],"-",0)="Alive", _xlfn.XLOOKUP(A59,Table4[Tag Number],Table4[Status],"-",0)="Alive"),"Alive", OR(_xlfn.XLOOKUP(A59,Table1[Tag Number],Table1[Status],"-",0)="-", _xlfn.XLOOKUP(A59,Table2[Tag Number],Table2[Status],"-",0)="-", _xlfn.XLOOKUP(A59,Table3[Tag Number],Table3[Status],"-",0)="-", _xlfn.XLOOKUP(A59,Table4[Tag Number],Table4[Status],"-",0)="-"), "-")} -> - | R59: =IF(G59>1,A59) -> FALSE
A60: B056 | B60: Glade | C60: =IF(COUNTIF(Table1[Tag Number], A60), 1, 0) -> 0 | D60: =IF(COUNTIF(Table2[Tag Number], A60), 1, 0) -> 0 | E60: =IF(COUNTIF(Table3[Tag Number], A60), 1, 0) -> 0 | F60: =IF(COUNTIF(Table4[Tag Number], A60), 1, 0) -> 0 | G60: =SUM(C60:F60) -> 0 | H60: {=_xlfn.IFS(OR(_xlfn.XLOOKUP(A60,Table1[Tag Number],Table1[Status],"-",0)="Dead", _xlfn.XLOOKUP(A60,Table2[Tag Number],Table2[Status],"-",0)="Dead", _xlfn.XLOOKUP(A60,Table3[Tag Number],Table3[Status],"-",0)="Dead", _xlfn.XLOOKUP(A60,Table4[Tag Number],Table4[Status],"-",0)="Dead"),"Dead", OR(_xlfn.XLOOKUP(A60,Table1[Tag Number],Table1[Status],"-",0)="Alive", _xlfn.XLOOKUP(A60,Table2[Tag Number],Table2[Status],"-",0)="Alive", _xlfn.XLOOKUP(A60,Table3[Tag Number],Table3[Status],"-",0)="Alive", _xlfn.XLOOKUP(A60,Table4[Tag Number],Table4[Status],"-",0)="Alive"),"Alive", OR(_xlfn.XLOOKUP(A60,Table1[Tag Number],Table1[Status],"-",0)="-", _xlfn.XLOOKUP(A60,Table2[Tag Number],Table2[Status],"-",0)="-", _xlfn.XLOOKUP(A60,Table3[Tag Number],Table3[Status],"-",0)="-", _xlfn.XLOOKUP(A60,Table4[Tag Number],Table4[Status],"-",0)="-"), "-")} -> - | R60: =IF(G60>1,A60) -> FALSE
... A2805: U037 | B2805: Snakeden | C2805: =IF(COUNTIF(Table1[Tag Number], A2805), 1, 0) -> 0 | D2805: =IF(COUNTIF(Table2[Tag Number], A2805), 1, 0) -> 0 | E2805: =IF(COUNTIF(Table3[Tag Number], A2805), 1, 0) -> 0 | F2805: =IF(COUNTIF(Table4[Tag Number], A2805), 1, 0) -> 0 | G2805: =SUM(C2805:F2805) -> 0 | H2805: {=_xlfn.IFS(OR(_xlfn.XLOOKUP(A2805,Table1[Tag Number],Table1[Status],"-",0)="Dead", _xlfn.XLOOKUP(A2805,Table2[Tag Number],Table2[Status],"-",0)="Dead", _xlfn.XLOOKUP(A2805,Table3[Tag Number],Table3[Status],"-",0)="Dead", _xlfn.XLOOKUP(A2805,Table4[Tag Number],Table4[Status],"-",0)="Dead"),"Dead", OR(_xlfn.XLOOKUP(A2805,Table1[Tag Number],Table1[Status],"-",0)="Alive", _xlfn.XLOOKUP(A2805,Table2[Tag Number],Table2[Status],"-",0)="Alive", _xlfn.XLOOKUP(A2805,Table3[Tag Number],Table3[Status],"-",0)="Alive", _xlfn.XLOOKUP(A2805,Table4[Tag Number],Table4[Status],"-",0)="Alive"),"Alive", OR(_xlfn.XLOOKUP(A2805,Table1[Tag Number],Table1[Status],"-",0)="-", _xlfn.XLOOKUP(A2805,Table2[Tag Number],Table2[Status],"-",0)="-", _xlfn.XLOOKUP(A2805,Table3[Tag Number],Table3[Status],"-",0)="-", _xlfn.XLOOKUP(A2805,Table4[Tag Number],Table4[Status],"-",0)="-"), "-")} -> - | R2805: =IF(G2805>1,A2805) -> FALSE
A2806: O001 | C2806: =IF(COUNTIF(Table1[Tag Number], A2806), 1, 0) -> 0 | D2806: =IF(COUNTIF(Table2[Tag Number], A2806), 1, 0) -> 0 | E2806: =IF(COUNTIF(Table3[Tag Number], A2806), 1, 0) -> 0 | F2806: =IF(COUNTIF(Table4[Tag Number], A2806), 1, 0) -> 0 | G2806: =SUM(C2806:F2806) -> 0 | H2806: {=_xlfn.IFS(OR(_xlfn.XLOOKUP(A2806,Table1[Tag Number],Table1[Status],"-",0)="Dead", _xlfn.XLOOKUP(A2806,Table2[Tag Number],Table2[Status],"-",0)="Dead", _xlfn.XLOOKUP(A2806,Table3[Tag Number],Table3[Status],"-",0)="Dead", _xlfn.XLOOKUP(A2806,Table4[Tag Number],Table4[Status],"-",0)="Dead"),"Dead", OR(_xlfn.XLOOKUP(A2806,Table1[Tag Number],Table1[Status],"-",0)="Alive", _xlfn.XLOOKUP(A2806,Table2[Tag Number],Table2[Status],"-",0)="Alive", _xlfn.XLOOKUP(A2806,Table3[Tag Number],Table3[Status],"-",0)="Alive", _xlfn.XLOOKUP(A2806,Table4[Tag Number],Table4[Status],"-",0)="Alive"),"Alive", OR(_xlfn.XLOOKUP(A2806,Table1[Tag Number],Table1[Status],"-",0)="-", _xlfn.XLOOKUP(A2806,Table2[Tag Number],Table2[Status],"-",0)="-", _xlfn.XLOOKUP(A2806,Table3[Tag Number],Table3[Status],"-",0)="-", _xlfn.XLOOKUP(A2806,Table4[Tag Number],Table4[Status],"-",0)="-"), "-")} -> - | R2806: =IF(G2806>1,A2806) -> FALSE
A2807: O002 | C2807: =IF(COUNTIF(Table1[Tag Number], A2807), 1, 0) -> 0 | D2807: =IF(COUNTIF(Table2[Tag Number], A2807), 1, 0) -> 0 | E2807: =IF(COUNTIF(Table3[Tag Number], A2807), 1, 0) -> 0 | F2807: =IF(COUNTIF(Table4[Tag Number], A2807), 1, 0) -> 0 | G2807: =SUM(C2807:F2807) -> 0 | H2807: {=_xlfn.IFS(OR(_xlfn.XLOOKUP(A2807,Table1[Tag Number],Table1[Status],"-",0)="Dead", _xlfn.XLOOKUP(A2807,Table2[Tag Number],Table2[Status],"-",0)="Dead", _xlfn.XLOOKUP(A2807,Table3[Tag Number],Table3[Status],"-",0)="Dead", _xlfn.XLOOKUP(A2807,Table4[Tag Number],Table4[Status],"-",0)="Dead"),"Dead", OR(_xlfn.XLOOKUP(A2807,Table1[Tag Number],Table1[Status],"-",0)="Alive", _xlfn.XLOOKUP(A2807,Table2[Tag Number],Table2[Status],"-",0)="Alive", _xlfn.XLOOKUP(A2807,Table3[Tag Number],Table3[Status],"-",0)="Alive", _xlfn.XLOOKUP(A2807,Table4[Tag Number],Table4[Status],"-",0)="Alive"),"Alive", OR(_xlfn.XLOOKUP(A2807,Table1[Tag Number],Table1[Status],"-",0)="-", _xlfn.XLOOKUP(A2807,Table2[Tag Number],Table2[Status],"-",0)="-", _xlfn.XLOOKUP(A2807,Table3[Tag Number],Table3[Status],"-",0)="-", _xlfn.XLOOKUP(A2807,Table4[Tag Number],Table4[Status],"-",0)="-"), "-")} -> - | R2807: =IF(G2807>1,A2807) -> FALSE
A2808: O003 | C2808: =IF(COUNTIF(Table1[Tag Number], A2808), 1, 0) -> 0 | D2808: =IF(COUNTIF(Table2[Tag Number], A2808), 1, 0) -> 0 | E2808: =IF(COUNTIF(Table3[Tag Number], A2808), 1, 0) -> 0 | F2808: =IF(COUNTIF(Table4[Tag Number], A2808), 1, 0) -> 0 | G2808: =SUM(C2808:F2808) -> 0 | H2808: {=_xlfn.IFS(OR(_xlfn.XLOOKUP(A2808,Table1[Tag Number],Table1[Status],"-",0)="Dead", _xlfn.XLOOKUP(A2808,Table2[Tag Number],Table2[Status],"-",0)="Dead", _xlfn.XLOOKUP(A2808,Table3[Tag Number],Table3[Status],"-",0)="Dead", _xlfn.XLOOKUP(A2808,Table4[Tag Number],Table4[Status],"-",0)="Dead"),"Dead", OR(_xlfn.XLOOKUP(A2808,Table1[Tag Number],Table1[Status],"-",0)="Alive", _xlfn.XLOOKUP(A2808,Table2[Tag Number],Table2[Status],"-",0)="Alive", _xlfn.XLOOKUP(A2808,Table3[Tag Number],Table3[Status],"-",0)="Alive", _xlfn.XLOOKUP(A2808,Table4[Tag Number],Table4[Status],"-",0)="Alive"),"Alive", OR(_xlfn.XLOOKUP(A2808,Table1[Tag Number],Table1[Status],"-",0)="-", _xlfn.XLOOKUP(A2808,Table2[Tag Number],Table2[Status],"-",0)="-", _xlfn.XLOOKUP(A2808,Table3[Tag Number],Table3[Status],"-",0)="-", _xlfn.XLOOKUP(A2808,Table4[Tag Number],Table4[Status],"-",0)="-"), "-")} -> - | R2808: =IF(G2808>1,A2808) -> FALSE
A2809: O004 | B2809: Snakeden | C2809: =IF(COUNTIF(Table1[Tag Number], A2809), 1, 0) -> 0 | D2809: =IF(COUNTIF(Table2[Tag Number], A2809), 1, 0) -> 0 | E2809: =IF(COUNTIF(Table3[Tag Number], A2809), 1, 0) -> 0 | F2809: =IF(COUNTIF(Table4[Tag Number], A2809), 1, 0) -> 0 | G2809: =SUM(C2809:F2809) -> 0 | H2809: {=_xlfn.IFS(OR(_xlfn.XLOOKUP(A2809,Table1[Tag Number],Table1[Status],"-",0)="Dead", _xlfn.XLOOKUP(A2809,Table2[Tag Number],Table2[Status],"-",0)="Dead", _xlfn.XLOOKUP(A2809,Table3[Tag Number],Table3[Status],"-",0)="Dead", _xlfn.XLOOKUP(A2809,Table4[Tag Number],Table4[Status],"-",0)="Dead"),"Dead", OR(_xlfn.XLOOKUP(A2809,Table1[Tag Number],Table1[Status],"-",0)="Alive", _xlfn.XLOOKUP(A2809,Table2[Tag Number],Table2[Status],"-",0)="Alive", _xlfn.XLOOKUP(A2809,Table3[Tag Number],Table3[Status],"-",0)="Alive", _xlfn.XLOOKUP(A2809,Table4[Tag Number],Table4[Status],"-",0)="Alive"),"Alive", OR(_xlfn.XLOOKUP(A2809,Table1[Tag Number],Table1[Status],"-",0)="-", _xlfn.XLOOKUP(A2809,Table2[Tag Number],Table2[Status],"-",0)="-", _xlfn.XLOOKUP(A2809,Table3[Tag Number],Table3[Status],"-",0)="-", _xlfn.XLOOKUP(A2809,Table4[Tag Number],Table4[Status],"-",0)="-"), "-")} -> - | R2809: =IF(G2809>1,A2809) -> FALSE
A2810: O005 | B2810: Snakeden | C2810: =IF(COUNTIF(Table1[Tag Number], A2810), 1, 0) -> 0 | D2810: =IF(COUNTIF(Table2[Tag Number], A2810), 1, 0) -> 0 | E2810: =IF(COUNTIF(Table3[Tag Number], A2810), 1, 0) -> 0 | F2810: =IF(COUNTIF(Table4[Tag Number], A2810), 1, 0) -> 0 | G2810: =SUM(C2810:F2810) -> 0 | H2810: {=_xlfn.IFS(OR(_xlfn.XLOOKUP(A2810,Table1[Tag Number],Table1[Status],"-",0)="Dead", _xlfn.XLOOKUP(A2810,Table2[Tag Number],Table2[Status],"-",0)="Dead", _xlfn.XLOOKUP(A2810,Table3[Tag Number],Table3[Status],"-",0)="Dead", _xlfn.XLOOKUP(A2810,Table4[Tag Number],Table4[Status],"-",0)="Dead"),"Dead", OR(_xlfn.XLOOKUP(A2810,Table1[Tag Number],Table1[Status],"-",0)="Alive", _xlfn.XLOOKUP(A2810,Table2[Tag Number],Table2[Status],"-",0)="Alive", _xlfn.XLOOKUP(A2810,Table3[Tag Number],Table3[Status],"-",0)="Alive", _xlfn.XLOOKUP(A2810,Table4[Tag Number],Table4[Status],"-",0)="Alive"),"Alive", OR(_xlfn.XLOOKUP(A2810,Table1[Tag Number],Table1[Status],"-",0)="-", _xlfn.XLOOKUP(A2810,Table2[Tag Number],Table2[Status],"-",0)="-", _xlfn.XLOOKUP(A2810,Table3[Tag Number],Table3[Status],"-",0)="-", _xlfn.XLOOKUP(A2810,Table4[Tag Number],Table4[Status],"-",0)="-"), "-")} -> - | R2810: =IF(G2810>1,A2810) -> FALSE
A2811: O006 | B2811: Snakeden | C2811: =IF(COUNTIF(Table1[Tag Number], A2811), 1, 0) -> 0 | D2811: =IF(COUNTIF(Table2[Tag Number], A2811), 1, 0) -> 0 | E2811: =IF(COUNTIF(Table3[Tag Number], A2811), 1, 0) -> 0 | F2811: =IF(COUNTIF(Table4[Tag Number], A2811), 1, 0) -> 0 | G2811: =SUM(C2811:F2811) -> 0 | H2811: {=_xlfn.IFS(OR(_xlfn.XLOOKUP(A2811,Table1[Tag Number],Table1[Status],"-",0)="Dead", _xlfn.XLOOKUP(A2811,Table2[Tag Number],Table2[Status],"-",0)="Dead", _xlfn.XLOOKUP(A2811,Table3[Tag Number],Table3[Status],"-",0)="Dead", _xlfn.XLOOKUP(A2811,Table4[Tag Number],Table4[Status],"-",0)="Dead"),"Dead", OR(_xlfn.XLOOKUP(A2811,Table1[Tag Number],Table1[Status],"-",0)="Alive", _xlfn.XLOOKUP(A2811,Table2[Tag Number],Table2[Status],"-",0)="Alive", _xlfn.XLOOKUP(A2811,Table3[Tag Number],Table3[Status],"-",0)="Alive", _xlfn.XLOOKUP(A2811,Table4[Tag Number],Table4[Status],"-",0)="Alive"),"Alive", OR(_xlfn.XLOOKUP(A2811,Table1[Tag Number],Table1[Status],"-",0)="-", _xlfn.XLOOKUP(A2811,Table2[Tag Number],Table2[Status],"-",0)="-", _xlfn.XLOOKUP(A2811,Table3[Tag Number],Table3[Status],"-",0)="-", _xlfn.XLOOKUP(A2811,Table4[Tag Number],Table4[Status],"-",0)="-"), "-")} -> - | R2811: =IF(G2811>1,A2811) -> FALSE
A2812: O007 | B2812: Snakeden | C2812: =IF(COUNTIF(Table1[Tag Number], A2812), 1, 0) -> 0 | D2812: =IF(COUNTIF(Table2[Tag Number], A2812), 1, 0) -> 0 | E2812: =IF(COUNTIF(Table3[Tag Number], A2812), 1, 0) -> 0 | F2812: =IF(COUNTIF(Table4[Tag Number], A2812), 1, 0) -> 0 | G2812: =SUM(C2812:F2812) -> 0 | H2812: {=_xlfn.IFS(OR(_xlfn.XLOOKUP(A2812,Table1[Tag Number],Table1[Status],"-",0)="Dead", _xlfn.XLOOKUP(A2812,Table2[Tag Number],Table2[Status],"-",0)="Dead", _xlfn.XLOOKUP(A2812,Table3[Tag Number],Table3[Status],"-",0)="Dead", _xlfn.XLOOKUP(A2812,Table4[Tag Number],Table4[Status],"-",0)="Dead"),"Dead", OR(_xlfn.XLOOKUP(A2812,Table1[Tag Number],Table1[Status],"-",0)="Alive", _xlfn.XLOOKUP(A2812,Table2[Tag Number],Table2[Status],"-",0)="Alive", _xlfn.XLOOKUP(A2812,Table3[Tag Number],Table3[Status],"-",0)="Alive", _xlfn.XLOOKUP(A2812,Table4[Tag Number],Table4[Status],"-",0)="Alive"),"Alive", OR(_xlfn.XLOOKUP(A2812,Table1[Tag Number],Table1[Status],"-",0)="-", _xlfn.XLOOKUP(A2812,Table2[Tag Number],Table2[Status],"-",0)="-", _xlfn.XLOOKUP(A2812,Table3[Tag Number],Table3[Status],"-",0)="-", _xlfn.XLOOKUP(A2812,Table4[Tag Number],Table4[Status],"-",0)="-"), "-")} -> - | R2812: =IF(G2812>1,A2812) -> FALSE
A2813: O008 | C2813: =IF(COUNTIF(Table1[Tag Number], A2813), 1, 0) -> 0 | D2813: =IF(COUNTIF(Table2[Tag Number], A2813), 1, 0) -> 0 | E2813: =IF(COUNTIF(Table3[Tag Number], A2813), 1, 0) -> 0 | F2813: =IF(COUNTIF(Table4[Tag Number], A2813), 1, 0) -> 0 | G2813: =SUM(C2813:F2813) -> 0 | H2813: {=_xlfn.IFS(OR(_xlfn.XLOOKUP(A2813,Table1[Tag Number],Table1[Status],"-",0)="Dead", _xlfn.XLOOKUP(A2813,Table2[Tag Number],Table2[Status],"-",0)="Dead", _xlfn.XLOOKUP(A2813,Table3[Tag Number],Table3[Status],"-",0)="Dead", _xlfn.XLOOKUP(A2813,Table4[Tag Number],Table4[Status],"-",0)="Dead"),"Dead", OR(_xlfn.XLOOKUP(A2813,Table1[Tag Number],Table1[Status],"-",0)="Alive", _xlfn.XLOOKUP(A2813,Table2[Tag Number],Table2[Status],"-",0)="Alive", _xlfn.XLOOKUP(A2813,Table3[Tag Number],Table3[Status],"-",0)="Alive", _xlfn.XLOOKUP(A2813,Table4[Tag Number],Table4[Status],"-",0)="Alive"),"Alive", OR(_xlfn.XLOOKUP(A2813,Table1[Tag Number],Table1[Status],"-",0)="-", _xlfn.XLOOKUP(A2813,Table2[Tag Number],Table2[Status],"-",0)="-", _xlfn.XLOOKUP(A2813,Table3[Tag Number],Table3[Status],"-",0)="-", _xlfn.XLOOKUP(A2813,Table4[Tag Number],Table4[Status],"-",0)="-"), "-")} -> - | R2813: =IF(G2813>1,A2813) -> FALSE
A2814: O009 | B2814: Snakeden | C2814: =IF(COUNTIF(Table1[Tag Number], A2814), 1, 0) -> 0 | D2814: =IF(COUNTIF(Table2[Tag Number], A2814), 1, 0) -> 0 | E2814: =IF(COUNTIF(Table3[Tag Number], A2814), 1, 0) -> 0 | F2814: =IF(COUNTIF(Table4[Tag Number], A2814), 1, 0) -> 0 | G2814: =SUM(C2814:F2814) -> 0 | H2814: {=_xlfn.IFS(OR(_xlfn.XLOOKUP(A2814,Table1[Tag Number],Table1[Status],"-",0)="Dead", _xlfn.XLOOKUP(A2814,Table2[Tag Number],Table2[Status],"-",0)="Dead", _xlfn.XLOOKUP(A2814,Table3[Tag Number],Table3[Status],"-",0)="Dead", _xlfn.XLOOKUP(A2814,Table4[Tag Number],Table4[Status],"-",0)="Dead"),"Dead", OR(_xlfn.XLOOKUP(A2814,Table1[Tag Number],Table1[Status],"-",0)="Alive", _xlfn.XLOOKUP(A2814,Table2[Tag Number],Table2[Status],"-",0)="Alive", _xlfn.XLOOKUP(A2814,Table3[Tag Number],Table3[Status],"-",0)="Alive", _xlfn.XLOOKUP(A2814,Table4[Tag Number],Table4[Status],"-",0)="Alive"),"Alive", OR(_xlfn.XLOOKUP(A2814,Table1[Tag Number],Table1[Status],"-",0)="-", _xlfn.XLOOKUP(A2814,Table2[Tag Number],Table2[Status],"-",0)="-", _xlfn.XLOOKUP(A2814,Table3[Tag Number],Table3[Status],"-",0)="-", _xlfn.XLOOKUP(A2814,Table4[Tag Number],Table4[Status],"-",0)="-"), "-")} -> - | R2814: =IF(G2814>1,A2814) -> FALSE
A2815: O010 | C2815: =IF(COUNTIF(Table1[Tag Number], A2815), 1, 0) -> 0 | D2815: =IF(COUNTIF(Table2[Tag Number], A2815), 1, 0) -> 0 | E2815: =IF(COUNTIF(Table3[Tag Number], A2815), 1, 0) -> 0 | F2815: =IF(COUNTIF(Table4[Tag Number], A2815), 1, 0) -> 0 | G2815: =SUM(C2815:F2815) -> 0 | H2815: {=_xlfn.IFS(OR(_xlfn.XLOOKUP(A2815,Table1[Tag Number],Table1[Status],"-",0)="Dead", _xlfn.XLOOKUP(A2815,Table2[Tag Number],Table2[Status],"-",0)="Dead", _xlfn.XLOOKUP(A2815,Table3[Tag Number],Table3[Status],"-",0)="Dead", _xlfn.XLOOKUP(A2815,Table4[Tag Number],Table4[Status],"-",0)="Dead"),"Dead", OR(_xlfn.XLOOKUP(A2815,Table1[Tag Number],Table1[Status],"-",0)="Alive", _xlfn.XLOOKUP(A2815,Table2[Tag Number],Table2[Status],"-",0)="Alive", _xlfn.XLOOKUP(A2815,Table3[Tag Number],Table3[Status],"-",0)="Alive", _xlfn.XLOOKUP(A2815,Table4[Tag Number],Table4[Status],"-",0)="Alive"),"Alive", OR(_xlfn.XLOOKUP(A2815,Table1[Tag Number],Table1[Status],"-",0)="-", _xlfn.XLOOKUP(A2815,Table2[Tag Number],Table2[Status],"-",0)="-", _xlfn.XLOOKUP(A2815,Table3[Tag Number],Table3[Status],"-",0)="-", _xlfn.XLOOKUP(A2815,Table4[Tag Number],Table4[Status],"-",0)="-"), "-")} -> - | R2815: =IF(G2815>1,A2815) -> FALSE
A2816: O011 | B2816: Snakeden | C2816: =IF(COUNTIF(Table1[Tag Number], A2816), 1, 0) -> 0 | D2816: =IF(COUNTIF(Table2[Tag Number], A2816), 1, 0) -> 0 | E2816: =IF(COUNTIF(Table3[Tag Number], A2816), 1, 0) -> 0 | F2816: =IF(COUNTIF(Table4[Tag Number], A2816), 1, 0) -> 0 | G2816: =SUM(C2816:F2816) -> 0 | H2816: {=_xlfn.IFS(OR(_xlfn.XLOOKUP(A2816,Table1[Tag Number],Table1[Status],"-",0)="Dead", _xlfn.XLOOKUP(A2816,Table2[Tag Number],Table2[Status],"-",0)="Dead", _xlfn.XLOOKUP(A2816,Table3[Tag Number],Table3[Status],"-",0)="Dead", _xlfn.XLOOKUP(A2816,Table4[Tag Number],Table4[Status],"-",0)="Dead"),"Dead", OR(_xlfn.XLOOKUP(A2816,Table1[Tag Number],Table1[Status],"-",0)="Alive", _xlfn.XLOOKUP(A2816,Table2[Tag Number],Table2[Status],"-",0)="Alive", _xlfn.XLOOKUP(A2816,Table3[Tag Number],Table3[Status],"-",0)="Alive", _xlfn.XLOOKUP(A2816,Table4[Tag Number],Table4[Status],"-",0)="Alive"),"Alive", OR(_xlfn.XLOOKUP(A2816,Table1[Tag Number],Table1[Status],"-",0)="-", _xlfn.XLOOKUP(A2816,Table2[Tag Number],Table2[Status],"-",0)="-", _xlfn.XLOOKUP(A2816,Table3[Tag Number],Table3[Status],"-",0)="-", _xlfn.XLOOKUP(A2816,Table4[Tag Number],Table4[Status],"-",0)="-"), "-")} -> - | R2816: =IF(G2816>1,A2816) -> FALSE
A2817: O012 | B2817: Snakeden | C2817: =IF(COUNTIF(Table1[Tag Number], A2817), 1, 0) -> 0 | D2817: =IF(COUNTIF(Table2[Tag Number], A2817), 1, 0) -> 0 | E2817: =IF(COUNTIF(Table3[Tag Number], A2817), 1, 0) -> 0 | F2817: =IF(COUNTIF(Table4[Tag Number], A2817), 1, 0) -> 0 | G2817: =SUM(C2817:F2817) -> 0 | H2817: {=_xlfn.IFS(OR(_xlfn.XLOOKUP(A2817,Table1[Tag Number],Table1[Status],"-",0)="Dead", _xlfn.XLOOKUP(A2817,Table2[Tag Number],Table2[Status],"-",0)="Dead", _xlfn.XLOOKUP(A2817,Table3[Tag Number],Table3[Status],"-",0)="Dead", _xlfn.XLOOKUP(A2817,Table4[Tag Number],Table4[Status],"-",0)="Dead"),"Dead", OR(_xlfn.XLOOKUP(A2817,Table1[Tag Number],Table1[Status],"-",0)="Alive", _xlfn.XLOOKUP(A2817,Table2[Tag Number],Table2[Status],"-",0)="Alive", _xlfn.XLOOKUP(A2817,Table3[Tag Number],Table3[Status],"-",0)="Alive", _xlfn.XLOOKUP(A2817,Table4[Tag Number],Table4[Status],"-",0)="Alive"),"Alive", OR(_xlfn.XLOOKUP(A2817,Table1[Tag Number],Table1[Status],"-",0)="-", _xlfn.XLOOKUP(A2817,Table2[Tag Number],Table2[Status],"-",0)="-", _xlfn.XLOOKUP(A2817,Table3[Tag Number],Table3[Status],"-",0)="-", _xlfn.XLOOKUP(A2817,Table4[Tag Number],Table4[Status],"-",0)="-"), "-")} -> - | R2817: =IF(G2817>1,A2817) -> FALSE
A2818: O013 | C2818: =IF(COUNTIF(Table1[Tag Number], A2818), 1, 0) -> 0 | D2818: =IF(COUNTIF(Table2[Tag Number], A2818), 1, 0) -> 0 | E2818: =IF(COUNTIF(Table3[Tag Number], A2818), 1, 0) -> 0 | F2818: =IF(COUNTIF(Table4[Tag Number], A2818), 1, 0) -> 0 | G2818: =SUM(C2818:F2818) -> 0 | H2818: {=_xlfn.IFS(OR(_xlfn.XLOOKUP(A2818,Table1[Tag Number],Table1[Status],"-",0)="Dead", _xlfn.XLOOKUP(A2818,Table2[Tag Number],Table2[Status],"-",0)="Dead", _xlfn.XLOOKUP(A2818,Table3[Tag Number],Table3[Status],"-",0)="Dead", _xlfn.XLOOKUP(A2818,Table4[Tag Number],Table4[Status],"-",0)="Dead"),"Dead", OR(_xlfn.XLOOKUP(A2818,Table1[Tag Number],Table1[Status],"-",0)="Alive", _xlfn.XLOOKUP(A2818,Table2[Tag Number],Table2[Status],"-",0)="Alive", _xlfn.XLOOKUP(A2818,Table3[Tag Number],Table3[Status],"-",0)="Alive", _xlfn.XLOOKUP(A2818,Table4[Tag Number],Table4[Status],"-",0)="Alive"),"Alive", OR(_xlfn.XLOOKUP(A2818,Table1[Tag Number],Table1[Status],"-",0)="-", _xlfn.XLOOKUP(A2818,Table2[Tag Number],Table2[Status],"-",0)="-", _xlfn.XLOOKUP(A2818,Table3[Tag Number],Table3[Status],"-",0)="-", _xlfn.XLOOKUP(A2818,Table4[Tag Number],Table4[Status],"-",0)="-"), "-")} -> - | R2818: =IF(G2818>1,A2818) -> FALSE
A2819: O014 | B2819: Snakeden | C2819: =IF(COUNTIF(Table1[Tag Number], A2819), 1, 0) -> 0 | D2819: =IF(COUNTIF(Table2[Tag Number], A2819), 1, 0) -> 0 | E2819: =IF(COUNTIF(Table3[Tag Number], A2819), 1, 0) -> 0 | F2819: =IF(COUNTIF(Table4[Tag Number], A2819), 1, 0) -> 0 | G2819: =SUM(C2819:F2819) -> 0 | H2819: {=_xlfn.IFS(OR(_xlfn.XLOOKUP(A2819,Table1[Tag Number],Table1[Status],"-",0)="Dead", _xlfn.XLOOKUP(A2819,Table2[Tag Number],Table2[Status],"-",0)="Dead", _xlfn.XLOOKUP(A2819,Table3[Tag Number],Table3[Status],"-",0)="Dead", _xlfn.XLOOKUP(A2819,Table4[Tag Number],Table4[Status],"-",0)="Dead"),"Dead", OR(_xlfn.XLOOKUP(A2819,Table1[Tag Number],Table1[Status],"-",0)="Alive", _xlfn.XLOOKUP(A2819,Table2[Tag Number],Table2[Status],"-",0)="Alive", _xlfn.XLOOKUP(A2819,Table3[Tag Number],Table3[Status],"-",0)="Alive", _xlfn.XLOOKUP(A2819,Table4[Tag Number],Table4[Status],"-",0)="Alive"),"Alive", OR(_xlfn.XLOOKUP(A2819,Table1[Tag Number],Table1[Status],"-",0)="-", _xlfn.XLOOKUP(A2819,Table2[Tag Number],Table2[Status],"-",0)="-", _xlfn.XLOOKUP(A2819,Table3[Tag Number],Table3[Status],"-",0)="-", _xlfn.XLOOKUP(A2819,Table4[Tag Number],Table4[Status],"-",0)="-"), "-")} -> - | R2819: =IF(G2819>1,A2819) -> FALSE
A2820: O015 | B2820: Snakeden | C2820: =IF(COUNTIF(Table1[Tag Number], A2820), 1, 0) -> 0 | D2820: =IF(COUNTIF(Table2[Tag Number], A2820), 1, 0) -> 0 | E2820: =IF(COUNTIF(Table3[Tag Number], A2820), 1, 0) -> 0 | F2820: =IF(COUNTIF(Table4[Tag Number], A2820), 1, 0) -> 0 | G2820: =SUM(C2820:F2820) -> 0 | H2820: {=_xlfn.IFS(OR(_xlfn.XLOOKUP(A2820,Table1[Tag Number],Table1[Status],"-",0)="Dead", _xlfn.XLOOKUP(A2820,Table2[Tag Number],Table2[Status],"-",0)="Dead", _xlfn.XLOOKUP(A2820,Table3[Tag Number],Table3[Status],"-",0)="Dead", _xlfn.XLOOKUP(A2820,Table4[Tag Number],Table4[Status],"-",0)="Dead"),"Dead", OR(_xlfn.XLOOKUP(A2820,Table1[Tag Number],Table1[Status],"-",0)="Alive", _xlfn.XLOOKUP(A2820,Table2[Tag Number],Table2[Status],"-",0)="Alive", _xlfn.XLOOKUP(A2820,Table3[Tag Number],Table3[Status],"-",0)="Alive", _xlfn.XLOOKUP(A2820,Table4[Tag Number],Table4[Status],"-",0)="Alive"),"Alive", OR(_xlfn.XLOOKUP(A2820,Table1[Tag Number],Table1[Status],"-",0)="-", _xlfn.XLOOKUP(A2820,Table2[Tag Number],Table2[Status],"-",0)="-", _xlfn.XLOOKUP(A2820,Table3[Tag Number],Table3[Status],"-",0)="-", _xlfn.XLOOKUP(A2820,Table4[Tag Number],Table4[Status],"-",0)="-"), "-")} -> - | R2820: =IF(G2820>1,A2820) -> FALSE
A2821: O016 | B2821: Snakeden | C2821: =IF(COUNTIF(Table1[Tag Number], A2821), 1, 0) -> 0 | D2821: =IF(COUNTIF(Table2[Tag Number], A2821), 1, 0) -> 0 | E2821: =IF(COUNTIF(Table3[Tag Number], A2821), 1, 0) -> 0 | F2821: =IF(COUNTIF(Table4[Tag Number], A2821), 1, 0) -> 0 | G2821: =SUM(C2821:F2821) -> 0 | H2821: {=_xlfn.IFS(OR(_xlfn.XLOOKUP(A2821,Table1[Tag Number],Table1[Status],"-",0)="Dead", _xlfn.XLOOKUP(A2821,Table2[Tag Number],Table2[Status],"-",0)="Dead", _xlfn.XLOOKUP(A2821,Table3[Tag Number],Table3[Status],"-",0)="Dead", _xlfn.XLOOKUP(A2821,Table4[Tag Number],Table4[Status],"-",0)="Dead"),"Dead", OR(_xlfn.XLOOKUP(A2821,Table1[Tag Number],Table1[Status],"-",0)="Alive", _xlfn.XLOOKUP(A2821,Table2[Tag Number],Table2[Status],"-",0)="Alive", _xlfn.XLOOKUP(A2821,Table3[Tag Number],Table3[Status],"-",0)="Alive", _xlfn.XLOOKUP(A2821,Table4[Tag Number],Table4[Status],"-",0)="Alive"),"Alive", OR(_xlfn.XLOOKUP(A2821,Table1[Tag Number],Table1[Status],"-",0)="-", _xlfn.XLOOKUP(A2821,Table2[Tag Number],Table2[Status],"-",0)="-", _xlfn.XLOOKUP(A2821,Table3[Tag Number],Table3[Status],"-",0)="-", _xlfn.XLOOKUP(A2821,Table4[Tag Number],Table4[Status],"-",0)="-"), "-")} -> - | R2821: =IF(G2821>1,A2821) -> FALSE
A2822: O017 | B2822: Snakeden | C2822: =IF(COUNTIF(Table1[Tag Number], A2822), 1, 0) -> 0 | D2822: =IF(COUNTIF(Table2[Tag Number], A2822), 1, 0) -> 0 | E2822: =IF(COUNTIF(Table3[Tag Number], A2822), 1, 0) -> 0 | F2822: =IF(COUNTIF(Table4[Tag Number], A2822), 1, 0) -> 0 | G2822: =SUM(C2822:F2822) -> 0 | H2822: {=_xlfn.IFS(OR(_xlfn.XLOOKUP(A2822,Table1[Tag Number],Table1[Status],"-",0)="Dead", _xlfn.XLOOKUP(A2822,Table2[Tag Number],Table2[Status],"-",0)="Dead", _xlfn.XLOOKUP(A2822,Table3[Tag Number],Table3[Status],"-",0)="Dead", _xlfn.XLOOKUP(A2822,Table4[Tag Number],Table4[Status],"-",0)="Dead"),"Dead", OR(_xlfn.XLOOKUP(A2822,Table1[Tag Number],Table1[Status],"-",0)="Alive", _xlfn.XLOOKUP(A2822,Table2[Tag Number],Table2[Status],"-",0)="Alive", _xlfn.XLOOKUP(A2822,Table3[Tag Number],Table3[Status],"-",0)="Alive", _xlfn.XLOOKUP(A2822,Table4[Tag Number],Table4[Status],"-",0)="Alive"),"Alive", OR(_xlfn.XLOOKUP(A2822,Table1[Tag Number],Table1[Status],"-",0)="-", _xlfn.XLOOKUP(A2822,Table2[Tag Number],Table2[Status],"-",0)="-", _xlfn.XLOOKUP(A2822,Table3[Tag Number],Table3[Status],"-",0)="-", _xlfn.XLOOKUP(A2822,Table4[Tag Number],Table4[Status],"-",0)="-"), "-")} -> - | R2822: =IF(G2822>1,A2822) -> FALSE
A2823: O018 | B2823: Snakeden | C2823: =IF(COUNTIF(Table1[Tag Number], A2823), 1, 0) -> 0 | D2823: =IF(COUNTIF(Table2[Tag Number], A2823), 1, 0) -> 0 | E2823: =IF(COUNTIF(Table3[Tag Number], A2823), 1, 0) -> 0 | F2823: =IF(COUNTIF(Table4[Tag Number], A2823), 1, 0) -> 0 | G2823: =SUM(C2823:F2823) -> 0 | H2823: {=_xlfn.IFS(OR(_xlfn.XLOOKUP(A2823,Table1[Tag Number],Table1[Status],"-",0)="Dead", _xlfn.XLOOKUP(A2823,Table2[Tag Number],Table2[Status],"-",0)="Dead", _xlfn.XLOOKUP(A2823,Table3[Tag Number],Table3[Status],"-",0)="Dead", _xlfn.XLOOKUP(A2823,Table4[Tag Number],Table4[Status],"-",0)="Dead"),"Dead", OR(_xlfn.XLOOKUP(A2823,Table1[Tag Number],Table1[Status],"-",0)="Alive", _xlfn.XLOOKUP(A2823,Table2[Tag Number],Table2[Status],"-",0)="Alive", _xlfn.XLOOKUP(A2823,Table3[Tag Number],Table3[Status],"-",0)="Alive", _xlfn.XLOOKUP(A2823,Table4[Tag Number],Table4[Status],"-",0)="Alive"),"Alive", OR(_xlfn.XLOOKUP(A2823,Table1[Tag Number],Table1[Status],"-",0)="-", _xlfn.XLOOKUP(A2823,Table2[Tag Number],Table2[Status],"-",0)="-", _xlfn.XLOOKUP(A2823,Table3[Tag Number],Table3[Status],"-",0)="-", _xlfn.XLOOKUP(A2823,Table4[Tag Number],Table4[Status],"-",0)="-"), "-")} -> - | R2823: =IF(G2823>1,A2823) -> FALSE
A2824: O019 | B2824: Snakeden | C2824: =IF(COUNTIF(Table1[Tag Number], A2824), 1, 0) -> 0 | D2824: =IF(COUNTIF(Table2[Tag Number], A2824), 1, 0) -> 0 | E2824: =IF(COUNTIF(Table3[Tag Number], A2824), 1, 0) -> 0 | F2824: =IF(COUNTIF(Table4[Tag Number], A2824), 1, 0) -> 0 | G2824: =SUM(C2824:F2824) -> 0 | H2824: {=_xlfn.IFS(OR(_xlfn.XLOOKUP(A2824,Table1[Tag Number],Table1[Status],"-",0)="Dead", _xlfn.XLOOKUP(A2824,Table2[Tag Number],Table2[Status],"-",0)="Dead", _xlfn.XLOOKUP(A2824,Table3[Tag Number],Table3[Status],"-",0)="Dead", _xlfn.XLOOKUP(A2824,Table4[Tag Number],Table4[Status],"-",0)="Dead"),"Dead", OR(_xlfn.XLOOKUP(A2824,Table1[Tag Number],Table1[Status],"-",0)="Alive", _xlfn.XLOOKUP(A2824,Table2[Tag Number],Table2[Status],"-",0)="Alive", _xlfn.XLOOKUP(A2824,Table3[Tag Number],Table3[Status],"-",0)="Alive", _xlfn.XLOOKUP(A2824,Table4[Tag Number],Table4[Status],"-",0)="Alive"),"Alive", OR(_xlfn.XLOOKUP(A2824,Table1[Tag Number],Table1[Status],"-",0)="-", _xlfn.XLOOKUP(A2824,Table2[Tag Number],Table2[Status],"-",0)="-", _xlfn.XLOOKUP(A2824,Table3[Tag Number],Table3[Status],"-",0)="-", _xlfn.XLOOKUP(A2824,Table4[Tag Number],Table4[Status],"-",0)="-"), "-")} -> - | R2824: =IF(G2824>1,A2824) -> FALSE
A2825: O020 | B2825: Snakeden | C2825: =IF(COUNTIF(Table1[Tag Number], A2825), 1, 0) -> 0 | D2825: =IF(COUNTIF(Table2[Tag Number], A2825), 1, 0) -> 0 | E2825: =IF(COUNTIF(Table3[Tag Number], A2825), 1, 0) -> 0 | F2825: =IF(COUNTIF(Table4[Tag Number], A2825), 1, 0) -> 0 | G2825: =SUM(C2825:F2825) -> 0 | H2825: {=_xlfn.IFS(OR(_xlfn.XLOOKUP(A2825,Table1[Tag Number],Table1[Status],"-",0)="Dead", _xlfn.XLOOKUP(A2825,Table2[Tag Number],Table2[Status],"-",0)="Dead", _xlfn.XLOOKUP(A2825,Table3[Tag Number],Table3[Status],"-",0)="Dead", _xlfn.XLOOKUP(A2825,Table4[Tag Number],Table4[Status],"-",0)="Dead"),"Dead", OR(_xlfn.XLOOKUP(A2825,Table1[Tag Number],Table1[Status],"-",0)="Alive", _xlfn.XLOOKUP(A2825,Table2[Tag Number],Table2[Status],"-",0)="Alive", _xlfn.XLOOKUP(A2825,Table3[Tag Number],Table3[Status],"-",0)="Alive", _xlfn.XLOOKUP(A2825,Table4[Tag Number],Table4[Status],"-",0)="Alive"),"Alive", OR(_xlfn.XLOOKUP(A2825,Table1[Tag Number],Table1[Status],"-",0)="-", _xlfn.XLOOKUP(A2825,Table2[Tag Number],Table2[Status],"-",0)="-", _xlfn.XLOOKUP(A2825,Table3[Tag Number],Table3[Status],"-",0)="-", _xlfn.XLOOKUP(A2825,Table4[Tag Number],Table4[Status],"-",0)="-"), "-")} -> - | R2825: =IF(G2825>1,A2825) -> FALSE
A2826: O021 | B2826: Snakeden | C2826: =IF(COUNTIF(Table1[Tag Number], A2826), 1, 0) -> 0 | D2826: =IF(COUNTIF(Table2[Tag Number], A2826), 1, 0) -> 0 | E2826: =IF(COUNTIF(Table3[Tag Number], A2826), 1, 0) -> 0 | F2826: =IF(COUNTIF(Table4[Tag Number], A2826), 1, 0) -> 0 | G2826: =SUM(C2826:F2826) -> 0 | H2826: {=_xlfn.IFS(OR(_xlfn.XLOOKUP(A2826,Table1[Tag Number],Table1[Status],"-",0)="Dead", _xlfn.XLOOKUP(A2826,Table2[Tag Number],Table2[Status],"-",0)="Dead", _xlfn.XLOOKUP(A2826,Table3[Tag Number],Table3[Status],"-",0)="Dead", _xlfn.XLOOKUP(A2826,Table4[Tag Number],Table4[Status],"-",0)="Dead"),"Dead", OR(_xlfn.XLOOKUP(A2826,Table1[Tag Number],Table1[Status],"-",0)="Alive", _xlfn.XLOOKUP(A2826,Table2[Tag Number],Table2[Status],"-",0)="Alive", _xlfn.XLOOKUP(A2826,Table3[Tag Number],Table3[Status],"-",0)="Alive", _xlfn.XLOOKUP(A2826,Table4[Tag Number],Table4[Status],"-",0)="Alive"),"Alive", OR(_xlfn.XLOOKUP(A2826,Table1[Tag Number],Table1[Status],"-",0)="-", _xlfn.XLOOKUP(A2826,Table2[Tag Number],Table2[Status],"-",0)="-", _xlfn.XLOOKUP(A2826,Table3[Tag Number],Table3[Status],"-",0)="-", _xlfn.XLOOKUP(A2826,Table4[Tag Number],Table4[Status],"-",0)="-"), "-")} -> - | R2826: =IF(G2826>1,A2826) -> FALSE
A2827: O022 | B2827: Snakeden | C2827: =IF(COUNTIF(Table1[Tag Number], A2827), 1, 0) -> 0 | D2827: =IF(COUNTIF(Table2[Tag Number], A2827), 1, 0) -> 0 | E2827: =IF(COUNTIF(Table3[Tag Number], A2827), 1, 0) -> 0 | F2827: =IF(COUNTIF(Table4[Tag Number], A2827), 1, 0) -> 0 | G2827: =SUM(C2827:F2827) -> 0 | H2827: {=_xlfn.IFS(OR(_xlfn.XLOOKUP(A2827,Table1[Tag Number],Table1[Status],"-",0)="Dead", _xlfn.XLOOKUP(A2827,Table2[Tag Number],Table2[Status],"-",0)="Dead", _xlfn.XLOOKUP(A2827,Table3[Tag Number],Table3[Status],"-",0)="Dead", _xlfn.XLOOKUP(A2827,Table4[Tag Number],Table4[Status],"-",0)="Dead"),"Dead", OR(_xlfn.XLOOKUP(A2827,Table1[Tag Number],Table1[Status],"-",0)="Alive", _xlfn.XLOOKUP(A2827,Table2[Tag Number],Table2[Status],"-",0)="Alive", _xlfn.XLOOKUP(A2827,Table3[Tag Number],Table3[Status],"-",0)="Alive", _xlfn.XLOOKUP(A2827,Table4[Tag Number],Table4[Status],"-",0)="Alive"),"Alive", OR(_xlfn.XLOOKUP(A2827,Table1[Tag Number],Table1[Status],"-",0)="-", _xlfn.XLOOKUP(A2827,Table2[Tag Number],Table2[Status],"-",0)="-", _xlfn.XLOOKUP(A2827,Table3[Tag Number],Table3[Status],"-",0)="-", _xlfn.XLOOKUP(A2827,Table4[Tag Number],Table4[Status],"-",0)="-"), "-")} -> - | R2827: =IF(G2827>1,A2827) -> FALSE
A2828: O023 | B2828: Snakeden | C2828: =IF(COUNTIF(Table1[Tag Number], A2828), 1, 0) -> 0 | D2828: =IF(COUNTIF(Table2[Tag Number], A2828), 1, 0) -> 0 | E2828: =IF(COUNTIF(Table3[Tag Number], A2828), 1, 0) -> 0 | F2828: =IF(COUNTIF(Table4[Tag Number], A2828), 1, 0) -> 0 | G2828: =SUM(C2828:F2828) -> 0 | H2828: {=_xlfn.IFS(OR(_xlfn.XLOOKUP(A2828,Table1[Tag Number],Table1[Status],"-",0)="Dead", _xlfn.XLOOKUP(A2828,Table2[Tag Number],Table2[Status],"-",0)="Dead", _xlfn.XLOOKUP(A2828,Table3[Tag Number],Table3[Status],"-",0)="Dead", _xlfn.XLOOKUP(A2828,Table4[Tag Number],Table4[Status],"-",0)="Dead"),"Dead", OR(_xlfn.XLOOKUP(A2828,Table1[Tag Number],Table1[Status],"-",0)="Alive", _xlfn.XLOOKUP(A2828,Table2[Tag Number],Table2[Status],"-",0)="Alive", _xlfn.XLOOKUP(A2828,Table3[Tag Number],Table3[Status],"-",0)="Alive", _xlfn.XLOOKUP(A2828,Table4[Tag Number],Table4[Status],"-",0)="Alive"),"Alive", OR(_xlfn.XLOOKUP(A2828,Table1[Tag Number],Table1[Status],"-",0)="-", _xlfn.XLOOKUP(A2828,Table2[Tag Number],Table2[Status],"-",0)="-", _xlfn.XLOOKUP(A2828,Table3[Tag Number],Table3[Status],"-",0)="-", _xlfn.XLOOKUP(A2828,Table4[Tag Number],Table4[Status],"-",0)="-"), "-")} -> - | R2828: =IF(G2828>1,A2828) -> FALSE
A2829: O024 | B2829: Snakeden | C2829: =IF(COUNTIF(Table1[Tag Number], A2829), 1, 0) -> 0 | D2829: =IF(COUNTIF(Table2[Tag Number], A2829), 1, 0) -> 0 | E2829: =IF(COUNTIF(Table3[Tag Number], A2829), 1, 0) -> 0 | F2829: =IF(COUNTIF(Table4[Tag Number], A2829), 1, 0) -> 0 | G2829: =SUM(C2829:F2829) -> 0 | H2829: {=_xlfn.IFS(OR(_xlfn.XLOOKUP(A2829,Table1[Tag Number],Table1[Status],"-",0)="Dead", _xlfn.XLOOKUP(A2829,Table2[Tag Number],Table2[Status],"-",0)="Dead", _xlfn.XLOOKUP(A2829,Table3[Tag Number],Table3[Status],"-",0)="Dead", _xlfn.XLOOKUP(A2829,Table4[Tag Number],Table4[Status],"-",0)="Dead"),"Dead", OR(_xlfn.XLOOKUP(A2829,Table1[Tag Number],Table1[Status],"-",0)="Alive", _xlfn.XLOOKUP(A2829,Table2[Tag Number],Table2[Status],"-",0)="Alive", _xlfn.XLOOKUP(A2829,Table3[Tag Number],Table3[Status],"-",0)="Alive", _xlfn.XLOOKUP(A2829,Table4[Tag Number],Table4[Status],"-",0)="Alive"),"Alive", OR(_xlfn.XLOOKUP(A2829,Table1[Tag Number],Table1[Status],"-",0)="-", _xlfn.XLOOKUP(A2829,Table2[Tag Number],Table2[Status],"-",0)="-", _xlfn.XLOOKUP(A2829,Table3[Tag Number],Table3[Status],"-",0)="-", _xlfn.XLOOKUP(A2829,Table4[Tag Number],Table4[Status],"-",0)="-"), "-")} -> - | R2829: =IF(G2829>1,A2829) -> FALSE
A2830: O025 | B2830: Snakeden | C2830: =IF(COUNTIF(Table1[Tag Number], A2830), 1, 0) -> 0 | D2830: =IF(COUNTIF(Table2[Tag Number], A2830), 1, 0) -> 0 | E2830: =IF(COUNTIF(Table3[Tag Number], A2830), 1, 0) -> 0 | F2830: =IF(COUNTIF(Table4[Tag Number], A2830), 1, 0) -> 0 | G2830: =SUM(C2830:F2830) -> 0 | H2830: {=_xlfn.IFS(OR(_xlfn.XLOOKUP(A2830,Table1[Tag Number],Table1[Status],"-",0)="Dead", _xlfn.XLOOKUP(A2830,Table2[Tag Number],Table2[Status],"-",0)="Dead", _xlfn.XLOOKUP(A2830,Table3[Tag Number],Table3[Status],"-",0)="Dead", _xlfn.XLOOKUP(A2830,Table4[Tag Number],Table4[Status],"-",0)="Dead"),"Dead", OR(_xlfn.XLOOKUP(A2830,Table1[Tag Number],Table1[Status],"-",0)="Alive", _xlfn.XLOOKUP(A2830,Table2[Tag Number],Table2[Status],"-",0)="Alive", _xlfn.XLOOKUP(A2830,Table3[Tag Number],Table3[Status],"-",0)="Alive", _xlfn.XLOOKUP(A2830,Table4[Tag Number],Table4[Status],"-",0)="Alive"),"Alive", OR(_xlfn.XLOOKUP(A2830,Table1[Tag Number],Table1[Status],"-",0)="-", _xlfn.XLOOKUP(A2830,Table2[Tag Number],Table2[Status],"-",0)="-", _xlfn.XLOOKUP(A2830,Table3[Tag Number],Table3[Status],"-",0)="-", _xlfn.XLOOKUP(A2830,Table4[Tag Number],Table4[Status],"-",0)="-"), "-")} -> - | R2830: =IF(G2830>1,A2830) -> FALSE
... A2850: O045 | B2850: Glade | C2850: =IF(COUNTIF(Table1[Tag Number], A2850), 1, 0) -> 0 | D2850: =IF(COUNTIF(Table2[Tag Number], A2850), 1, 0) -> 0 | E2850: =IF(COUNTIF(Table3[Tag Number], A2850), 1, 0) -> 0 | F2850: =IF(COUNTIF(Table4[Tag Number], A2850), 1, 0) -> 0 | G2850: =SUM(C2850:F2850) -> 0 | H2850: {=_xlfn.IFS(OR(_xlfn.XLOOKUP(A2850,Table1[Tag Number],Table1[Status],"-",0)="Dead", _xlfn.XLOOKUP(A2850,Table2[Tag Number],Table2[Status],"-",0)="Dead", _xlfn.XLOOKUP(A2850,Table3[Tag Number],Table3[Status],"-",0)="Dead", _xlfn.XLOOKUP(A2850,Table4[Tag Number],Table4[Status],"-",0)="Dead"),"Dead", OR(_xlfn.XLOOKUP(A2850,Table1[Tag Number],Table1[Status],"-",0)="Alive", _xlfn.XLOOKUP(A2850,Table2[Tag Number],Table2[Status],"-",0)="Alive", _xlfn.XLOOKUP(A2850,Table3[Tag Number],Table3[Status],"-",0)="Alive", _xlfn.XLOOKUP(A2850,Table4[Tag Number],Table4[Status],"-",0)="Alive"),"Alive", OR(_xlfn.XLOOKUP(A2850,Table1[Tag Number],Table1[Status],"-",0)="-", _xlfn.XLOOKUP(A2850,Table2[Tag Number],Table2[Status],"-",0)="-", _xlfn.XLOOKUP(A2850,Table3[Tag Number],Table3[Status],"-",0)="-", _xlfn.XLOOKUP(A2850,Table4[Tag Number],Table4[Status],"-",0)="-"), "-")} -> - | R2850: =IF(G2850>1,A2850) -> FALSE
A2851: O046 | C2851: =IF(COUNTIF(Table1[Tag Number], A2851), 1, 0) -> 0 | D2851: =IF(COUNTIF(Table2[Tag Number], A2851), 1, 0) -> 0 | E2851: =IF(COUNTIF(Table3[Tag Number], A2851), 1, 0) -> 0 | F2851: =IF(COUNTIF(Table4[Tag Number], A2851), 1, 0) -> 0 | G2851: =SUM(C2851:F2851) -> 0 | H2851: {=_xlfn.IFS(OR(_xlfn.XLOOKUP(A2851,Table1[Tag Number],Table1[Status],"-",0)="Dead", _xlfn.XLOOKUP(A2851,Table2[Tag Number],Table2[Status],"-",0)="Dead", _xlfn.XLOOKUP(A2851,Table3[Tag Number],Table3[Status],"-",0)="Dead", _xlfn.XLOOKUP(A2851,Table4[Tag Number],Table4[Status],"-",0)="Dead"),"Dead", OR(_xlfn.XLOOKUP(A2851,Table1[Tag Number],Table1[Status],"-",0)="Alive", _xlfn.XLOOKUP(A2851,Table2[Tag Number],Table2[Status],"-",0)="Alive", _xlfn.XLOOKUP(A2851,Table3[Tag Number],Table3[Status],"-",0)="Alive", _xlfn.XLOOKUP(A2851,Table4[Tag Number],Table4[Status],"-",0)="Alive"),"Alive", OR(_xlfn.XLOOKUP(A2851,Table1[Tag Number],Table1[Status],"-",0)="-", _xlfn.XLOOKUP(A2851,Table2[Tag Number],Table2[Status],"-",0)="-", _xlfn.XLOOKUP(A2851,Table3[Tag Number],Table3[Status],"-",0)="-", _xlfn.XLOOKUP(A2851,Table4[Tag Number],Table4[Status],"-",0)="-"), "-")} -> - | R2851: =IF(G2851>1,A2851) -> FALSE
A2852: O047 | B2852: Snakeden | C2852: =IF(COUNTIF(Table1[Tag Number], A2852), 1, 0) -> 0 | D2852: =IF(COUNTIF(Table2[Tag Number], A2852), 1, 0) -> 0 | E2852: =IF(COUNTIF(Table3[Tag Number], A2852), 1, 0) -> 0 | F2852: =IF(COUNTIF(Table4[Tag Number], A2852), 1, 0) -> 0 | G2852: =SUM(C2852:F2852) -> 0 | H2852: {=_xlfn.IFS(OR(_xlfn.XLOOKUP(A2852,Table1[Tag Number],Table1[Status],"-",0)="Dead", _xlfn.XLOOKUP(A2852,Table2[Tag Number],Table2[Status],"-",0)="Dead", _xlfn.XLOOKUP(A2852,Table3[Tag Number],Table3[Status],"-",0)="Dead", _xlfn.XLOOKUP(A2852,Table4[Tag Number],Table4[Status],"-",0)="Dead"),"Dead", OR(_xlfn.XLOOKUP(A2852,Table1[Tag Number],Table1[Status],"-",0)="Alive", _xlfn.XLOOKUP(A2852,Table2[Tag Number],Table2[Status],"-",0)="Alive", _xlfn.XLOOKUP(A2852,Table3[Tag Number],Table3[Status],"-",0)="Alive", _xlfn.XLOOKUP(A2852,Table4[Tag Number],Table4[Status],"-",0)="Alive"),"Alive", OR(_xlfn.XLOOKUP(A2852,Table1[Tag Number],Table1[Status],"-",0)="-", _xlfn.XLOOKUP(A2852,Table2[Tag Number],Table2[Status],"-",0)="-", _xlfn.XLOOKUP(A2852,Table3[Tag Number],Table3[Status],"-",0)="-", _xlfn.XLOOKUP(A2852,Table4[Tag Number],Table4[Status],"-",0)="-"), "-")} -> - | R2852: =IF(G2852>1,A2852) -> FALSE
A2853: O048 | B2853: Snakeden | C2853: =IF(COUNTIF(Table1[Tag Number], A2853), 1, 0) -> 0 | D2853: =IF(COUNTIF(Table2[Tag Number], A2853), 1, 0) -> 0 | E2853: =IF(COUNTIF(Table3[Tag Number], A2853), 1, 0) -> 0 | F2853: =IF(COUNTIF(Table4[Tag Number], A2853), 1, 0) -> 0 | G2853: =SUM(C2853:F2853) -> 0 | H2853: {=_xlfn.IFS(OR(_xlfn.XLOOKUP(A2853,Table1[Tag Number],Table1[Status],"-",0)="Dead", _xlfn.XLOOKUP(A2853,Table2[Tag Number],Table2[Status],"-",0)="Dead", _xlfn.XLOOKUP(A2853,Table3[Tag Number],Table3[Status],"-",0)="Dead", _xlfn.XLOOKUP(A2853,Table4[Tag Number],Table4[Status],"-",0)="Dead"),"Dead", OR(_xlfn.XLOOKUP(A2853,Table1[Tag Number],Table1[Status],"-",0)="Alive", _xlfn.XLOOKUP(A2853,Table2[Tag Number],Table2[Status],"-",0)="Alive", _xlfn.XLOOKUP(A2853,Table3[Tag Number],Table3[Status],"-",0)="Alive", _xlfn.XLOOKUP(A2853,Table4[Tag Number],Table4[Status],"-",0)="Alive"),"Alive", OR(_xlfn.XLOOKUP(A2853,Table1[Tag Number],Table1[Status],"-",0)="-", _xlfn.XLOOKUP(A2853,Table2[Tag Number],Table2[Status],"-",0)="-", _xlfn.XLOOKUP(A2853,Table3[Tag Number],Table3[Status],"-",0)="-", _xlfn.XLOOKUP(A2853,Table4[Tag Number],Table4[Status],"-",0)="-"), "-")} -> - | R2853: =IF(G2853>1,A2853) -> FALSE
A2854: O049 | B2854: Glade | C2854: =IF(COUNTIF(Table1[Tag Number], A2854), 1, 0) -> 0 | D2854: =IF(COUNTIF(Table2[Tag Number], A2854), 1, 0) -> 0 | E2854: =IF(COUNTIF(Table3[Tag Number], A2854), 1, 0) -> 0 | F2854: =IF(COUNTIF(Table4[Tag Number], A2854), 1, 0) -> 0 | G2854: =SUM(C2854:F2854) -> 0 | H2854: {=_xlfn.IFS(OR(_xlfn.XLOOKUP(A2854,Table1[Tag Number],Table1[Status],"-",0)="Dead", _xlfn.XLOOKUP(A2854,Table2[Tag Number],Table2[Status],"-",0)="Dead", _xlfn.XLOOKUP(A2854,Table3[Tag Number],Table3[Status],"-",0)="Dead", _xlfn.XLOOKUP(A2854,Table4[Tag Number],Table4[Status],"-",0)="Dead"),"Dead", OR(_xlfn.XLOOKUP(A2854,Table1[Tag Number],Table1[Status],"-",0)="Alive", _xlfn.XLOOKUP(A2854,Table2[Tag Number],Table2[Status],"-",0)="Alive", _xlfn.XLOOKUP(A2854,Table3[Tag Number],Table3[Status],"-",0)="Alive", _xlfn.XLOOKUP(A2854,Table4[Tag Number],Table4[Status],"-",0)="Alive"),"Alive", OR(_xlfn.XLOOKUP(A2854,Table1[Tag Number],Table1[Status],"-",0)="-", _xlfn.XLOOKUP(A2854,Table2[Tag Number],Table2[Status],"-",0)="-", _xlfn.XLOOKUP(A2854,Table3[Tag Number],Table3[Status],"-",0)="-", _xlfn.XLOOKUP(A2854,Table4[Tag Number],Table4[Status],"-",0)="-"), "-")} -> - | R2854: =IF(G2854>1,A2854) -> FALSE
A2855: O050 | B2855: Glade | C2855: =IF(COUNTIF(Table1[Tag Number], A2855), 1, 0) -> 0 | D2855: =IF(COUNTIF(Table2[Tag Number], A2855), 1, 0) -> 0 | E2855: =IF(COUNTIF(Table3[Tag Number], A2855), 1, 0) -> 0 | F2855: =IF(COUNTIF(Table4[Tag Number], A2855), 1, 0) -> 0 | G2855: =SUM(C2855:F2855) -> 0 | H2855: {=_xlfn.IFS(OR(_xlfn.XLOOKUP(A2855,Table1[Tag Number],Table1[Status],"-",0)="Dead", _xlfn.XLOOKUP(A2855,Table2[Tag Number],Table2[Status],"-",0)="Dead", _xlfn.XLOOKUP(A2855,Table3[Tag Number],Table3[Status],"-",0)="Dead", _xlfn.XLOOKUP(A2855,Table4[Tag Number],Table4[Status],"-",0)="Dead"),"Dead", OR(_xlfn.XLOOKUP(A2855,Table1[Tag Number],Table1[Status],"-",0)="Alive", _xlfn.XLOOKUP(A2855,Table2[Tag Number],Table2[Status],"-",0)="Alive", _xlfn.XLOOKUP(A2855,Table3[Tag Number],Table3[Status],"-",0)="Alive", _xlfn.XLOOKUP(A2855,Table4[Tag Number],Table4[Status],"-",0)="Alive"),"Alive", OR(_xlfn.XLOOKUP(A2855,Table1[Tag Number],Table1[Status],"-",0)="-", _xlfn.XLOOKUP(A2855,Table2[Tag Number],Table2[Status],"-",0)="-", _xlfn.XLOOKUP(A2855,Table3[Tag Number],Table3[Status],"-",0)="-", _xlfn.XLOOKUP(A2855,Table4[Tag Number],Table4[Status],"-",0)="-"), "-")} -> - | R2855: =IF(G2855>1,A2855) -> FALSE
A2856: O051 | B2856: Glade | C2856: =IF(COUNTIF(Table1[Tag Number], A2856), 1, 0) -> 0 | D2856: =IF(COUNTIF(Table2[Tag Number], A2856), 1, 0) -> 0 | E2856: =IF(COUNTIF(Table3[Tag Number], A2856), 1, 0) -> 0 | F2856: =IF(COUNTIF(Table4[Tag Number], A2856), 1, 0) -> 0 | G2856: =SUM(C2856:F2856) -> 0 | H2856: {=_xlfn.IFS(OR(_xlfn.XLOOKUP(A2856,Table1[Tag Number],Table1[Status],"-",0)="Dead", _xlfn.XLOOKUP(A2856,Table2[Tag Number],Table2[Status],"-",0)="Dead", _xlfn.XLOOKUP(A2856,Table3[Tag Number],Table3[Status],"-",0)="Dead", _xlfn.XLOOKUP(A2856,Table4[Tag Number],Table4[Status],"-",0)="Dead"),"Dead", OR(_xlfn.XLOOKUP(A2856,Table1[Tag Number],Table1[Status],"-",0)="Alive", _xlfn.XLOOKUP(A2856,Table2[Tag Number],Table2[Status],"-",0)="Alive", _xlfn.XLOOKUP(A2856,Table3[Tag Number],Table3[Status],"-",0)="Alive", _xlfn.XLOOKUP(A2856,Table4[Tag Number],Table4[Status],"-",0)="Alive"),"Alive", OR(_xlfn.XLOOKUP(A2856,Table1[Tag Number],Table1[Status],"-",0)="-", _xlfn.XLOOKUP(A2856,Table2[Tag Number],Table2[Status],"-",0)="-", _xlfn.XLOOKUP(A2856,Table3[Tag Number],Table3[Status],"-",0)="-", _xlfn.XLOOKUP(A2856,Table4[Tag Number],Table4[Status],"-",0)="-"), "-")} -> - | R2856: =IF(G2856>1,A2856) -> FALSE
A2857: O052 | B2857: Snakeden | C2857: =IF(COUNTIF(Table1[Tag Number], A2857), 1, 0) -> 0 | D2857: =IF(COUNTIF(Table2[Tag Number], A2857), 1, 0) -> 0 | E2857: =IF(COUNTIF(Table3[Tag Number], A2857), 1, 0) -> 0 | F2857: =IF(COUNTIF(Table4[Tag Number], A2857), 1, 0) -> 0 | G2857: =SUM(C2857:F2857) -> 0 | H2857: {=_xlfn.IFS(OR(_xlfn.XLOOKUP(A2857,Table1[Tag Number],Table1[Status],"-",0)="Dead", _xlfn.XLOOKUP(A2857,Table2[Tag Number],Table2[Status],"-",0)="Dead", _xlfn.XLOOKUP(A2857,Table3[Tag Number],Table3[Status],"-",0)="Dead", _xlfn.XLOOKUP(A2857,Table4[Tag Number],Table4[Status],"-",0)="Dead"),"Dead", OR(_xlfn.XLOOKUP(A2857,Table1[Tag Number],Table1[Status],"-",0)="Alive", _xlfn.XLOOKUP(A2857,Table2[Tag Number],Table2[Status],"-",0)="Alive", _xlfn.XLOOKUP(A2857,Table3[Tag Number],Table3[Status],"-",0)="Alive", _xlfn.XLOOKUP(A2857,Table4[Tag Number],Table4[Status],"-",0)="Alive"),"Alive", OR(_xlfn.XLOOKUP(A2857,Table1[Tag Number],Table1[Status],"-",0)="-", _xlfn.XLOOKUP(A2857,Table2[Tag Number],Table2[Status],"-",0)="-", _xlfn.XLOOKUP(A2857,Table3[Tag Number],Table3[Status],"-",0)="-", _xlfn.XLOOKUP(A2857,Table4[Tag Number],Table4[Status],"-",0)="-"), "-")} -> - | R2857: =IF(G2857>1,A2857) -> FALSE
A2858: O053 | B2858: Snakeden | C2858: =IF(COUNTIF(Table1[Tag Number], A2858), 1, 0) -> 0 | D2858: =IF(COUNTIF(Table2[Tag Number], A2858), 1, 0) -> 0 | E2858: =IF(COUNTIF(Table3[Tag Number], A2858), 1, 0) -> 0 | F2858: =IF(COUNTIF(Table4[Tag Number], A2858), 1, 0) -> 0 | G2858: =SUM(C2858:F2858) -> 0 | H2858: {=_xlfn.IFS(OR(_xlfn.XLOOKUP(A2858,Table1[Tag Number],Table1[Status],"-",0)="Dead", _xlfn.XLOOKUP(A2858,Table2[Tag Number],Table2[Status],"-",0)="Dead", _xlfn.XLOOKUP(A2858,Table3[Tag Number],Table3[Status],"-",0)="Dead", _xlfn.XLOOKUP(A2858,Table4[Tag Number],Table4[Status],"-",0)="Dead"),"Dead", OR(_xlfn.XLOOKUP(A2858,Table1[Tag Number],Table1[Status],"-",0)="Alive", _xlfn.XLOOKUP(A2858,Table2[Tag Number],Table2[Status],"-",0)="Alive", _xlfn.XLOOKUP(A2858,Table3[Tag Number],Table3[Status],"-",0)="Alive", _xlfn.XLOOKUP(A2858,Table4[Tag Number],Table4[Status],"-",0)="Alive"),"Alive", OR(_xlfn.XLOOKUP(A2858,Table1[Tag Number],Table1[Status],"-",0)="-", _xlfn.XLOOKUP(A2858,Table2[Tag Number],Table2[Status],"-",0)="-", _xlfn.XLOOKUP(A2858,Table3[Tag Number],Table3[Status],"-",0)="-", _xlfn.XLOOKUP(A2858,Table4[Tag Number],Table4[Status],"-",0)="-"), "-")} -> - | R2858: =IF(G2858>1,A2858) -> FALSE
A2859: O054 | C2859: =IF(COUNTIF(Table1[Tag Number], A2859), 1, 0) -> 0 | D2859: =IF(COUNTIF(Table2[Tag Number], A2859), 1, 0) -> 0 | E2859: =IF(COUNTIF(Table3[Tag Number], A2859), 1, 0) -> 0 | F2859: =IF(COUNTIF(Table4[Tag Number], A2859), 1, 0) -> 0 | G2859: =SUM(C2859:F2859) -> 0 | H2859: {=_xlfn.IFS(OR(_xlfn.XLOOKUP(A2859,Table1[Tag Number],Table1[Status],"-",0)="Dead", _xlfn.XLOOKUP(A2859,Table2[Tag Number],Table2[Status],"-",0)="Dead", _xlfn.XLOOKUP(A2859,Table3[Tag Number],Table3[Status],"-",0)="Dead", _xlfn.XLOOKUP(A2859,Table4[Tag Number],Table4[Status],"-",0)="Dead"),"Dead", OR(_xlfn.XLOOKUP(A2859,Table1[Tag Number],Table1[Status],"-",0)="Alive", _xlfn.XLOOKUP(A2859,Table2[Tag Number],Table2[Status],"-",0)="Alive", _xlfn.XLOOKUP(A2859,Table3[Tag Number],Table3[Status],"-",0)="Alive", _xlfn.XLOOKUP(A2859,Table4[Tag Number],Table4[Status],"-",0)="Alive"),"Alive", OR(_xlfn.XLOOKUP(A2859,Table1[Tag Number],Table1[Status],"-",0)="-", _xlfn.XLOOKUP(A2859,Table2[Tag Number],Table2[Status],"-",0)="-", _xlfn.XLOOKUP(A2859,Table3[Tag Number],Table3[Status],"-",0)="-", _xlfn.XLOOKUP(A2859,Table4[Tag Number],Table4[Status],"-",0)="-"), "-")} -> - | R2859: =IF(G2859>1,A2859) -> FALSE
A2860: O055 | B2860: Snakeden | C2860: =IF(COUNTIF(Table1[Tag Number], A2860), 1, 0) -> 0 | D2860: =IF(COUNTIF(Table2[Tag Number], A2860), 1, 0) -> 0 | E2860: =IF(COUNTIF(Table3[Tag Number], A2860), 1, 0) -> 0 | F2860: =IF(COUNTIF(Table4[Tag Number], A2860), 1, 0) -> 0 | G2860: =SUM(C2860:F2860) -> 0 | H2860: {=_xlfn.IFS(OR(_xlfn.XLOOKUP(A2860,Table1[Tag Number],Table1[Status],"-",0)="Dead", _xlfn.XLOOKUP(A2860,Table2[Tag Number],Table2[Status],"-",0)="Dead", _xlfn.XLOOKUP(A2860,Table3[Tag Number],Table3[Status],"-",0)="Dead", _xlfn.XLOOKUP(A2860,Table4[Tag Number],Table4[Status],"-",0)="Dead"),"Dead", OR(_xlfn.XLOOKUP(A2860,Table1[Tag Number],Table1[Status],"-",0)="Alive", _xlfn.XLOOKUP(A2860,Table2[Tag Number],Table2[Status],"-",0)="Alive", _xlfn.XLOOKUP(A2860,Table3[Tag Number],Table3[Status],"-",0)="Alive", _xlfn.XLOOKUP(A2860,Table4[Tag Number],Table4[Status],"-",0)="Alive"),"Alive", OR(_xlfn.XLOOKUP(A2860,Table1[Tag Number],Table1[Status],"-",0)="-", _xlfn.XLOOKUP(A2860,Table2[Tag Number],Table2[Status],"-",0)="-", _xlfn.XLOOKUP(A2860,Table3[Tag Number],Table3[Status],"-",0)="-", _xlfn.XLOOKUP(A2860,Table4[Tag Number],Table4[Status],"-",0)="-"), "-")} -> - | R2860: =IF(G2860>1,A2860) -> FALSE
A2861: O056 | C2861: =IF(COUNTIF(Table1[Tag Number], A2861), 1, 0) -> 0 | D2861: =IF(COUNTIF(Table2[Tag Number], A2861), 1, 0) -> 0 | E2861: =IF(COUNTIF(Table3[Tag Number], A2861), 1, 0) -> 0 | F2861: =IF(COUNTIF(Table4[Tag Number], A2861), 1, 0) -> 0 | G2861: =SUM(C2861:F2861) -> 0 | H2861: {=_xlfn.IFS(OR(_xlfn.XLOOKUP(A2861,Table1[Tag Number],Table1[Status],"-",0)="Dead", _xlfn.XLOOKUP(A2861,Table2[Tag Number],Table2[Status],"-",0)="Dead", _xlfn.XLOOKUP(A2861,Table3[Tag Number],Table3[Status],"-",0)="Dead", _xlfn.XLOOKUP(A2861,Table4[Tag Number],Table4[Status],"-",0)="Dead"),"Dead", OR(_xlfn.XLOOKUP(A2861,Table1[Tag Number],Table1[Status],"-",0)="Alive", _xlfn.XLOOKUP(A2861,Table2[Tag Number],Table2[Status],"-",0)="Alive", _xlfn.XLOOKUP(A2861,Table3[Tag Number],Table3[Status],"-",0)="Alive", _xlfn.XLOOKUP(A2861,Table4[Tag Number],Table4[Status],"-",0)="Alive"),"Alive", OR(_xlfn.XLOOKUP(A2861,Table1[Tag Number],Table1[Status],"-",0)="-", _xlfn.XLOOKUP(A2861,Table2[Tag Number],Table2[Status],"-",0)="-", _xlfn.XLOOKUP(A2861,Table3[Tag Number],Table3[Status],"-",0)="-", _xlfn.XLOOKUP(A2861,Table4[Tag Number],Table4[Status],"-",0)="-"), "-")} -> - | R2861: =IF(G2861>1,A2861) -> FALSE
A2862: O057 | B2862: Snakeden | C2862: =IF(COUNTIF(Table1[Tag Number], A2862), 1, 0) -> 0 | D2862: =IF(COUNTIF(Table2[Tag Number], A2862), 1, 0) -> 0 | E2862: =IF(COUNTIF(Table3[Tag Number], A2862), 1, 0) -> 0 | F2862: =IF(COUNTIF(Table4[Tag Number], A2862), 1, 0) -> 0 | G2862: =SUM(C2862:F2862) -> 0 | H2862: {=_xlfn.IFS(OR(_xlfn.XLOOKUP(A2862,Table1[Tag Number],Table1[Status],"-",0)="Dead", _xlfn.XLOOKUP(A2862,Table2[Tag Number],Table2[Status],"-",0)="Dead", _xlfn.XLOOKUP(A2862,Table3[Tag Number],Table3[Status],"-",0)="Dead", _xlfn.XLOOKUP(A2862,Table4[Tag Number],Table4[Status],"-",0)="Dead"),"Dead", OR(_xlfn.XLOOKUP(A2862,Table1[Tag Number],Table1[Status],"-",0)="Alive", _xlfn.XLOOKUP(A2862,Table2[Tag Number],Table2[Status],"-",0)="Alive", _xlfn.XLOOKUP(A2862,Table3[Tag Number],Table3[Status],"-",0)="Alive", _xlfn.XLOOKUP(A2862,Table4[Tag Number],Table4[Status],"-",0)="Alive"),"Alive", OR(_xlfn.XLOOKUP(A2862,Table1[Tag Number],Table1[Status],"-",0)="-", _xlfn.XLOOKUP(A2862,Table2[Tag Number],Table2[Status],"-",0)="-", _xlfn.XLOOKUP(A2862,Table3[Tag Number],Table3[Status],"-",0)="-", _xlfn.XLOOKUP(A2862,Table4[Tag Number],Table4[Status],"-",0)="-"), "-")} -> - | R2862: =IF(G2862>1,A2862) -> FALSE
A2863: O058 | C2863: =IF(COUNTIF(Table1[Tag Number], A2863), 1, 0) -> 1 | D2863: =IF(COUNTIF(Table2[Tag Number], A2863), 1, 0) -> 0 | E2863: =IF(COUNTIF(Table3[Tag Number], A2863), 1, 0) -> 0 | F2863: =IF(COUNTIF(Table4[Tag Number], A2863), 1, 0) -> 0 | G2863: =SUM(C2863:F2863) -> 1 | H2863: {=_xlfn.IFS(OR(_xlfn.XLOOKUP(A2863,Table1[Tag Number],Table1[Status],"-",0)="Dead", _xlfn.XLOOKUP(A2863,Table2[Tag Number],Table2[Status],"-",0)="Dead", _xlfn.XLOOKUP(A2863,Table3[Tag Number],Table3[Status],"-",0)="Dead", _xlfn.XLOOKUP(A2863,Table4[Tag Number],Table4[Status],"-",0)="Dead"),"Dead", OR(_xlfn.XLOOKUP(A2863,Table1[Tag Number],Table1[Status],"-",0)="Alive", _xlfn.XLOOKUP(A2863,Table2[Tag Number],Table2[Status],"-",0)="Alive", _xlfn.XLOOKUP(A2863,Table3[Tag Number],Table3[Status],"-",0)="Alive", _xlfn.XLOOKUP(A2863,Table4[Tag Number],Table4[Status],"-",0)="Alive"),"Alive", OR(_xlfn.XLOOKUP(A2863,Table1[Tag Number],Table1[Status],"-",0)="-", _xlfn.XLOOKUP(A2863,Table2[Tag Number],Table2[Status],"-",0)="-", _xlfn.XLOOKUP(A2863,Table3[Tag Number],Table3[Status],"-",0)="-", _xlfn.XLOOKUP(A2863,Table4[Tag Number],Table4[Status],"-",0)="-"), "-")} -> Alive | R2863: =IF(G2863>1,A2863) -> FALSE
...

Sheet Where Found Glade
A1: Mark Recapture 2025
A2: Glade
A3: Tag # (red) | B3: Site Added To | C3: Found in pass 1 | D3: Found in pass 2 | E3: Found in pass 3 | F3: Found in pass 4 | G3: Sum Value | H3: Alive or Dead? | I3: Found Outside of MR | J3: Totals: | R3: Found in multiple passes
A4: B000 | B4: Glade | C4: =IF(COUNTIF(Table8[Tag Number], A4), 1, 0) -> 0 | D4: =IF(COUNTIF(Table9[Tag Number], A4), 1, 0) -> 0 | E4: =IF(COUNTIF(Table10[Tag Number], A4), 1, 0) -> 0 | F4: =IF(COUNTIF(Table11[Tag Number], A4), 1, 0) -> 0 | G4: =SUM(C4:F4) -> 0 | H4: {=_xlfn.IFS(OR(_xlfn.XLOOKUP(A4,Table9[Tag Number],Table9[Status],"-",0)="Dead", _xlfn.XLOOKUP(A4,Table10[Tag Number],Table10[Status],"-",0)="Dead", _xlfn.XLOOKUP(A4,Table11[Tag Number],Table11[Status],"-",0)="Dead", _xlfn.XLOOKUP(A4,Table8[Tag Number],Table8[Status],"-",0)="Dead"),"Dead", OR(_xlfn.XLOOKUP(A4,Table11[Tag Number],Table11[Status],"-",0)="Alive", _xlfn.XLOOKUP(A4,Table10[Tag Number],Table10[Status],"-",0)="Alive", _xlfn.XLOOKUP(A4,Table9[Tag Number],Table9[Status],"-",0)="Alive", _xlfn.XLOOKUP(A4,Table8[Tag Number],Table8[Status],"-",0)="Alive"),"Alive", OR(_xlfn.XLOOKUP(A4,Table9[Tag Number],Table9[Status],"-",0)="-", _xlfn.XLOOKUP(A4,Table10[Tag Number],Table10[Status],"-",0)="-", _xlfn.XLOOKUP(A4,Table11[Tag Number],Table11[Status],"-",0)="-", _xlfn.XLOOKUP(A4,Table8[Tag Number],Table8[Status],"-",0)="-"), "-")} -> - | I4: =IF((_xlfn.XLOOKUP(B4,[2]Sheet1!$A$2:$A$198,[2]Sheet1!$B$2:$B$198,"-",0)="Glade"),"Out","No") -> No | K4: Pass 1 | L4: Pass 2 | M4: Pass 3 | N4: Pass 4 | R4: =IF(G4>1,A4) -> FALSE
A5: B001 | B5: Glade | C5: =IF(COUNTIF(Table8[Tag Number], A5), 1, 0) -> 0 | D5: =IF(COUNTIF(Table9[Tag Number], A5), 1, 0) -> 1 | E5: =IF(COUNTIF(Table10[Tag Number], A5), 1, 0) -> 0 | F5: =IF(COUNTIF(Table11[Tag Number], A5), 1, 0) -> 1 | G5: =SUM(C5:F5) -> 2 | H5: {=_xlfn.IFS(OR(_xlfn.XLOOKUP(A5,Table9[Tag Number],Table9[Status],"-",0)="Dead", _xlfn.XLOOKUP(A5,Table10[Tag Number],Table10[Status],"-",0)="Dead", _xlfn.XLOOKUP(A5,Table11[Tag Number],Table11[Status],"-",0)="Dead", _xlfn.XLOOKUP(A5,Table8[Tag Number],Table8[Status],"-",0)="Dead"),"Dead", OR(_xlfn.XLOOKUP(A5,Table11[Tag Number],Table11[Status],"-",0)="Alive", _xlfn.XLOOKUP(A5,Table10[Tag Number],Table10[Status],"-",0)="Alive", _xlfn.XLOOKUP(A5,Table9[Tag Number],Table9[Status],"-",0)="Alive", _xlfn.XLOOKUP(A5,Table8[Tag Number],Table8[Status],"-",0)="Alive"),"Alive", OR(_xlfn.XLOOKUP(A5,Table9[Tag Number],Table9[Status],"-",0)="-", _xlfn.XLOOKUP(A5,Table10[Tag Number],Table10[Status],"-",0)="-", _xlfn.XLOOKUP(A5,Table11[Tag Number],Table11[Status],"-",0)="-", _xlfn.XLOOKUP(A5,Table8[Tag Number],Table8[Status],"-",0)="-"), "-")} -> Alive | I5: =IF((_xlfn.XLOOKUP(B5,[2]Sheet1!$A$2:$A$198,[2]Sheet1!$B$2:$B$198,"-",0)="Glade"),"Out","No") -> No | J5: Tagged | K5: ='Glade MR'!D312 -> 296 | L5: ='Glade MR'!L313 -> 293 | M5: ='Glade MR'!S250 -> 232 | N5: ='Glade MR'!Z285 -> 264 | R5: =IF(G5>1,A5) -> B001
A6: B002 | B6: Glade | C6: =IF(COUNTIF(Table8[Tag Number], A6), 1, 0) -> 0 | D6: =IF(COUNTIF(Table9[Tag Number], A6), 1, 0) -> 0 | E6: =IF(COUNTIF(Table10[Tag Number], A6), 1, 0) -> 0 | F6: =IF(COUNTIF(Table11[Tag Number], A6), 1, 0) -> 0 | G6: =SUM(C6:F6) -> 0 | H6: {=_xlfn.IFS(OR(_xlfn.XLOOKUP(A6,Table9[Tag Number],Table9[Status],"-",0)="Dead", _xlfn.XLOOKUP(A6,Table10[Tag Number],Table10[Status],"-",0)="Dead", _xlfn.XLOOKUP(A6,Table11[Tag Number],Table11[Status],"-",0)="Dead", _xlfn.XLOOKUP(A6,Table8[Tag Number],Table8[Status],"-",0)="Dead"),"Dead", OR(_xlfn.XLOOKUP(A6,Table11[Tag Number],Table11[Status],"-",0)="Alive", _xlfn.XLOOKUP(A6,Table10[Tag Number],Table10[Status],"-",0)="Alive", _xlfn.XLOOKUP(A6,Table9[Tag Number],Table9[Status],"-",0)="Alive", _xlfn.XLOOKUP(A6,Table8[Tag Number],Table8[Status],"-",0)="Alive"),"Alive", OR(_xlfn.XLOOKUP(A6,Table9[Tag Number],Table9[Status],"-",0)="-", _xlfn.XLOOKUP(A6,Table10[Tag Number],Table10[Status],"-",0)="-", _xlfn.XLOOKUP(A6,Table11[Tag Number],Table11[Status],"-",0)="-", _xlfn.XLOOKUP(A6,Table8[Tag Number],Table8[Status],"-",0)="-"), "-")} -> - | I6: =IF((_xlfn.XLOOKUP(B6,[2]Sheet1!$A$2:$A$198,[2]Sheet1!$B$2:$B$198,"-",0)="Glade"),"Out","No") -> No | J6: Unknown | K6: {=MAX(SUM(COUNTIF(Table8[Tag Number],{"*Unknown*","*-*","*shell*"})),,K9-(K5+K7))} -> 1 | L6: {=MAX(SUM(COUNTIF(Table9[Tag Number],{"*Unknown*","*-*","*shell*"})),(L9-(L7+L5)))} -> 0 | M6: {=MAX(SUM(COUNTIF(Table10[Tag Number],{"*Unknown*","*-*","*shell*"})),M9-(M7+M5))} -> 0 | N6: {=MAX(SUM(COUNTIF(Table11[Tag Number],{"*Unknown*","*-*","*shell*"})),N9-(N7+N5))} -> 2 | R6: =IF(G6>1,A6) -> FALSE
A7: B003 | B7: Glade | C7: =IF(COUNTIF(Table8[Tag Number], A7), 1, 0) -> 1 | D7: =IF(COUNTIF(Table9[Tag Number], A7), 1, 0) -> 0 | E7: =IF(COUNTIF(Table10[Tag Number], A7), 1, 0) -> 1 | F7: =IF(COUNTIF(Table11[Tag Number], A7), 1, 0) -> 0 | G7: =SUM(C7:F7) -> 2 | H7: {=_xlfn.IFS(OR(_xlfn.XLOOKUP(A7,Table9[Tag Number],Table9[Status],"-",0)="Dead", _xlfn.XLOOKUP(A7,Table10[Tag Number],Table10[Status],"-",0)="Dead", _xlfn.XLOOKUP(A7,Table11[Tag Number],Table11[Status],"-",0)="Dead", _xlfn.XLOOKUP(A7,Table8[Tag Number],Table8[Status],"-",0)="Dead"),"Dead", OR(_xlfn.XLOOKUP(A7,Table11[Tag Number],Table11[Status],"-",0)="Alive", _xlfn.XLOOKUP(A7,Table10[Tag Number],Table10[Status],"-",0)="Alive", _xlfn.XLOOKUP(A7,Table9[Tag Number],Table9[Status],"-",0)="Alive", _xlfn.XLOOKUP(A7,Table8[Tag Number],Table8[Status],"-",0)="Alive"),"Alive", OR(_xlfn.XLOOKUP(A7,Table9[Tag Number],Table9[Status],"-",0)="-", _xlfn.XLOOKUP(A7,Table10[Tag Number],Table10[Status],"-",0)="-", _xlfn.XLOOKUP(A7,Table11[Tag Number],Table11[Status],"-",0)="-", _xlfn.XLOOKUP(A7,Table8[Tag Number],Table8[Status],"-",0)="-"), "-")} -> Alive | I7: =IF((_xlfn.XLOOKUP(B7,[2]Sheet1!$A$2:$A$198,[2]Sheet1!$B$2:$B$198,"-",0)="Glade"),"Out","No") -> No | J7: Untagged | K7: {=SUM(COUNTIF(Table8[Tag Number],{"Untagged*","UNO0*","UN O0*","New tag*","UN"}))} -> 0 | L7: {=SUM(COUNTIF(Table9[Tag Number],{"Untagged*","UNO0*","UN O0*","New tag*","UN"}))} -> 0 | M7: {=SUM(COUNTIF(Table10[Tag Number],{"Untagged*","UNO0*","UN O0*","New tag*","UN"}))} -> 2 | N7: {=SUM(COUNTIF(Table11[Tag Number],{"Untagged*","UNO0*","UN O0*","New tag*","UN"}))} -> 0 | R7: =IF(G7>1,A7) -> B003
A8: B004 | B8: Snakeden | C8: =IF(COUNTIF(Table8[Tag Number], A8), 1, 0) -> 0 | D8: =IF(COUNTIF(Table9[Tag Number], A8), 1, 0) -> 0 | E8: =IF(COUNTIF(Table10[Tag Number], A8), 1, 0) -> 0 | F8: =IF(COUNTIF(Table11[Tag Number], A8), 1, 0) -> 0 | G8: =SUM(C8:F8) -> 0 | H8: {=_xlfn.IFS(OR(_xlfn.XLOOKUP(A8,Table9[Tag Number],Table9[Status],"-",0)="Dead", _xlfn.XLOOKUP(A8,Table10[Tag Number],Table10[Status],"-",0)="Dead", _xlfn.XLOOKUP(A8,Table11[Tag Number],Table11[Status],"-",0)="Dead", _xlfn.XLOOKUP(A8,Table8[Tag Number],Table8[Status],"-",0)="Dead"),"Dead", OR(_xlfn.XLOOKUP(A8,Table11[Tag Number],Table11[Status],"-",0)="Alive", _xlfn.XLOOKUP(A8,Table10[Tag Number],Table10[Status],"-",0)="Alive", _xlfn.XLOOKUP(A8,Table9[Tag Number],Table9[Status],"-",0)="Alive", _xlfn.XLOOKUP(A8,Table8[Tag Number],Table8[Status],"-",0)="Alive"),"Alive", OR(_xlfn.XLOOKUP(A8,Table9[Tag Number],Table9[Status],"-",0)="-", _xlfn.XLOOKUP(A8,Table10[Tag Number],Table10[Status],"-",0)="-", _xlfn.XLOOKUP(A8,Table11[Tag Number],Table11[Status],"-",0)="-", _xlfn.XLOOKUP(A8,Table8[Tag Number],Table8[Status],"-",0)="-"), "-")} -> - | I8: =IF((_xlfn.XLOOKUP(B8,[2]Sheet1!$A$2:$A$198,[2]Sheet1!$B$2:$B$198,"-",0)="Glade"),"Out","No") -> No | J8: Duplicates / 2 (not included) | K8: 3 | L8: 2 | M8: 1 | N8: 0 | R8: =IF(G8>1,A8) -> FALSE
A9: B005 | B9: Glade | C9: =IF(COUNTIF(Table8[Tag Number], A9), 1, 0) -> 1 | D9: =IF(COUNTIF(Table9[Tag Number], A9), 1, 0) -> 0 | E9: =IF(COUNTIF(Table10[Tag Number], A9), 1, 0) -> 1 | F9: =IF(COUNTIF(Table11[Tag Number], A9), 1, 0) -> 0 | G9: =SUM(C9:F9) -> 2 | H9: {=_xlfn.IFS(OR(_xlfn.XLOOKUP(A9,Table9[Tag Number],Table9[Status],"-",0)="Dead", _xlfn.XLOOKUP(A9,Table10[Tag Number],Table10[Status],"-",0)="Dead", _xlfn.XLOOKUP(A9,Table11[Tag Number],Table11[Status],"-",0)="Dead", _xlfn.XLOOKUP(A9,Table8[Tag Number],Table8[Status],"-",0)="Dead"),"Dead", OR(_xlfn.XLOOKUP(A9,Table11[Tag Number],Table11[Status],"-",0)="Alive", _xlfn.XLOOKUP(A9,Table10[Tag Number],Table10[Status],"-",0)="Alive", _xlfn.XLOOKUP(A9,Table9[Tag Number],Table9[Status],"-",0)="Alive", _xlfn.XLOOKUP(A9,Table8[Tag Number],Table8[Status],"-",0)="Alive"),"Alive", OR(_xlfn.XLOOKUP(A9,Table9[Tag Number],Table9[Status],"-",0)="-", _xlfn.XLOOKUP(A9,Table10[Tag Number],Table10[Status],"-",0)="-", _xlfn.XLOOKUP(A9,Table11[Tag Number],Table11[Status],"-",0)="-", _xlfn.XLOOKUP(A9,Table8[Tag Number],Table8[Status],"-",0)="-"), "-")} -> Alive | I9: =IF((_xlfn.XLOOKUP(B9,[2]Sheet1!$A$2:$A$198,[2]Sheet1!$B$2:$B$198,"-",0)="Glade"),"Out","No") -> No | J9: Total | K9: ='Glade MR'!D306 -> 297 | L9: ='Glade MR'!L307 -> 293 | M9: ='Glade MR'!S244 -> 234 | N9: ='Glade MR'!Z279 -> 266 | R9: =IF(G9>1,A9) -> B005
A10: B006 | B10: Glade | C10: =IF(COUNTIF(Table8[Tag Number], A10), 1, 0) -> 0 | D10: =IF(COUNTIF(Table9[Tag Number], A10), 1, 0) -> 0 | E10: =IF(COUNTIF(Table10[Tag Number], A10), 1, 0) -> 0 | F10: =IF(COUNTIF(Table11[Tag Number], A10), 1, 0) -> 0 | G10: =SUM(C10:F10) -> 0 | H10: {=_xlfn.IFS(OR(_xlfn.XLOOKUP(A10,Table9[Tag Number],Table9[Status],"-",0)="Dead", _xlfn.XLOOKUP(A10,Table10[Tag Number],Table10[Status],"-",0)="Dead", _xlfn.XLOOKUP(A10,Table11[Tag Number],Table11[Status],"-",0)="Dead", _xlfn.XLOOKUP(A10,Table8[Tag Number],Table8[Status],"-",0)="Dead"),"Dead", OR(_xlfn.XLOOKUP(A10,Table11[Tag Number],Table11[Status],"-",0)="Alive", _xlfn.XLOOKUP(A10,Table10[Tag Number],Table10[Status],"-",0)="Alive", _xlfn.XLOOKUP(A10,Table9[Tag Number],Table9[Status],"-",0)="Alive", _xlfn.XLOOKUP(A10,Table8[Tag Number],Table8[Status],"-",0)="Alive"),"Alive", OR(_xlfn.XLOOKUP(A10,Table9[Tag Number],Table9[Status],"-",0)="-", _xlfn.XLOOKUP(A10,Table10[Tag Number],Table10[Status],"-",0)="-", _xlfn.XLOOKUP(A10,Table11[Tag Number],Table11[Status],"-",0)="-", _xlfn.XLOOKUP(A10,Table8[Tag Number],Table8[Status],"-",0)="-"), "-")} -> - | I10: =IF((_xlfn.XLOOKUP(B10,[2]Sheet1!$A$2:$A$198,[2]Sheet1!$B$2:$B$198,"-",0)="Glade"),"Out","No") -> No | R10: =IF(G10>1,A10) -> FALSE
A11: B007 | B11: Glade | C11: =IF(COUNTIF(Table8[Tag Number], A11), 1, 0) -> 0 | D11: =IF(COUNTIF(Table9[Tag Number], A11), 1, 0) -> 1 | E11: =IF(COUNTIF(Table10[Tag Number], A11), 1, 0) -> 0 | F11: =IF(COUNTIF(Table11[Tag Number], A11), 1, 0) -> 1 | G11: =SUM(C11:F11) -> 2 | H11: {=_xlfn.IFS(OR(_xlfn.XLOOKUP(A11,Table9[Tag Number],Table9[Status],"-",0)="Dead", _xlfn.XLOOKUP(A11,Table10[Tag Number],Table10[Status],"-",0)="Dead", _xlfn.XLOOKUP(A11,Table11[Tag Number],Table11[Status],"-",0)="Dead", _xlfn.XLOOKUP(A11,Table8[Tag Number],Table8[Status],"-",0)="Dead"),"Dead", OR(_xlfn.XLOOKUP(A11,Table11[Tag Number],Table11[Status],"-",0)="Alive", _xlfn.XLOOKUP(A11,Table10[Tag Number],Table10[Status],"-",0)="Alive", _xlfn.XLOOKUP(A11,Table9[Tag Number],Table9[Status],"-",0)="Alive", _xlfn.XLOOKUP(A11,Table8[Tag Number],Table8[Status],"-",0)="Alive"),"Alive", OR(_xlfn.XLOOKUP(A11,Table9[Tag Number],Table9[Status],"-",0)="-", _xlfn.XLOOKUP(A11,Table10[Tag Number],Table10[Status],"-",0)="-", _xlfn.XLOOKUP(A11,Table11[Tag Number],Table11[Status],"-",0)="-", _xlfn.XLOOKUP(A11,Table8[Tag Number],Table8[Status],"-",0)="-"), "-")} -> Alive | I11: =IF((_xlfn.XLOOKUP(B11,[2]Sheet1!$A$2:$A$198,[2]Sheet1!$B$2:$B$198,"-",0)="Glade"),"Out","No") -> No | K11: Pass 1 | L11: Pass 2 | M11: Pass 3 | N11: Pass 4 | O11: Totals: | R11: =IF(G11>1,A11) -> B007
A12: B008 | B12: Glade | C12: =IF(COUNTIF(Table8[Tag Number], A12), 1, 0) -> 1 | D12: =IF(COUNTIF(Table9[Tag Number], A12), 1, 0) -> 0 | E12: =IF(COUNTIF(Table10[Tag Number], A12), 1, 0) -> 1 | F12: =IF(COUNTIF(Table11[Tag Number], A12), 1, 0) -> 0 | G12: =SUM(C12:F12) -> 2 | H12: {=_xlfn.IFS(OR(_xlfn.XLOOKUP(A12,Table9[Tag Number],Table9[Status],"-",0)="Dead", _xlfn.XLOOKUP(A12,Table10[Tag Number],Table10[Status],"-",0)="Dead", _xlfn.XLOOKUP(A12,Table11[Tag Number],Table11[Status],"-",0)="Dead", _xlfn.XLOOKUP(A12,Table8[Tag Number],Table8[Status],"-",0)="Dead"),"Dead", OR(_xlfn.XLOOKUP(A12,Table11[Tag Number],Table11[Status],"-",0)="Alive", _xlfn.XLOOKUP(A12,Table10[Tag Number],Table10[Status],"-",0)="Alive", _xlfn.XLOOKUP(A12,Table9[Tag Number],Table9[Status],"-",0)="Alive", _xlfn.XLOOKUP(A12,Table8[Tag Number],Table8[Status],"-",0)="Alive"),"Alive", OR(_xlfn.XLOOKUP(A12,Table9[Tag Number],Table9[Status],"-",0)="-", _xlfn.XLOOKUP(A12,Table10[Tag Number],Table10[Status],"-",0)="-", _xlfn.XLOOKUP(A12,Table11[Tag Number],Table11[Status],"-",0)="-", _xlfn.XLOOKUP(A12,Table8[Tag Number],Table8[Status],"-",0)="-"), "-")} -> Alive | I12: =IF((_xlfn.XLOOKUP(B12,[2]Sheet1!$A$2:$A$198,[2]Sheet1!$B$2:$B$198,"-",0)="Glade"),"Out","No") -> No | J12: Tagged Alive | K12: {=SUM(COUNTIFS(Table8[Tag Number],{"A*","B*","C*","D*"},Table8[Tag Number],{"<>*-*"},Table8[Status],"Alive"))} -> 251 | L12: {=SUM(COUNTIFS(Table9[Tag Number],{"A*","B*","C*","D*"},Table9[Tag Number],{"<>*-*"},Table9[Status],"Alive"))} -> 253 | M12: {=SUM(COUNTIFS(Table10[Tag Number],{"A*","B*","C*","D*"},Table10[Tag Number],{"<>*-*"},Table10[Status],"Alive"))} -> 201 | N12: {=SUM(COUNTIFS(Table11[Tag Number],{"A*","B*","C*","D*"},Table11[Tag Number],{"<>*-*"},Table11[Status],"Alive"))} -> 239 | O12: =SUM(K12:N12) -> 944 | R12: =IF(G12>1,A12) -> B008
A13: B009 | B13: Glade | C13: =IF(COUNTIF(Table8[Tag Number], A13), 1, 0) -> 1 | D13: =IF(COUNTIF(Table9[Tag Number], A13), 1, 0) -> 0 | E13: =IF(COUNTIF(Table10[Tag Number], A13), 1, 0) -> 0 | F13: =IF(COUNTIF(Table11[Tag Number], A13), 1, 0) -> 0 | G13: =SUM(C13:F13) -> 1 | H13: {=_xlfn.IFS(OR(_xlfn.XLOOKUP(A13,Table9[Tag Number],Table9[Status],"-",0)="Dead", _xlfn.XLOOKUP(A13,Table10[Tag Number],Table10[Status],"-",0)="Dead", _xlfn.XLOOKUP(A13,Table11[Tag Number],Table11[Status],"-",0)="Dead", _xlfn.XLOOKUP(A13,Table8[Tag Number],Table8[Status],"-",0)="Dead"),"Dead", OR(_xlfn.XLOOKUP(A13,Table11[Tag Number],Table11[Status],"-",0)="Alive", _xlfn.XLOOKUP(A13,Table10[Tag Number],Table10[Status],"-",0)="Alive", _xlfn.XLOOKUP(A13,Table9[Tag Number],Table9[Status],"-",0)="Alive", _xlfn.XLOOKUP(A13,Table8[Tag Number],Table8[Status],"-",0)="Alive"),"Alive", OR(_xlfn.XLOOKUP(A13,Table9[Tag Number],Table9[Status],"-",0)="-", _xlfn.XLOOKUP(A13,Table10[Tag Number],Table10[Status],"-",0)="-", _xlfn.XLOOKUP(A13,Table11[Tag Number],Table11[Status],"-",0)="-", _xlfn.XLOOKUP(A13,Table8[Tag Number],Table8[Status],"-",0)="-"), "-")} -> Alive | I13: =IF((_xlfn.XLOOKUP(B13,[2]Sheet1!$A$2:$A$198,[2]Sheet1!$B$2:$B$198,"-",0)="Glade"),"Out","No") -> No | J13: Unknown Alive | K13: {=SUM(COUNTIFS(Table8[Tag Number],{"*Unknown*","*-*","*~?*"},Table8[Status],"Alive"))} -> 1 | L13: {=SUM(COUNTIFS(Table9[Tag Number],{"*Unknown*","*-*"},Table9[Status],"Alive"))} -> 0 | M13: {=SUM(COUNTIFS(Table10[Tag Number],{"*Unknown*","*-*"},Table10[Status],"Alive"))} -> 0 | N13: {=SUM(COUNTIFS(Table11[Tag Number],{"*Unknown*","*-*"},Table11[Status],"Alive"))} -> 2 | O13: =SUM(K13:N13) -> 3 | R13: =IF(G13>1,A13) -> FALSE
A14: B010 | B14: Snakeden | C14: =IF(COUNTIF(Table8[Tag Number], A14), 1, 0) -> 0 | D14: =IF(COUNTIF(Table9[Tag Number], A14), 1, 0) -> 0 | E14: =IF(COUNTIF(Table10[Tag Number], A14), 1, 0) -> 0 | F14: =IF(COUNTIF(Table11[Tag Number], A14), 1, 0) -> 0 | G14: =SUM(C14:F14) -> 0 | H14: {=_xlfn.IFS(OR(_xlfn.XLOOKUP(A14,Table9[Tag Number],Table9[Status],"-",0)="Dead", _xlfn.XLOOKUP(A14,Table10[Tag Number],Table10[Status],"-",0)="Dead", _xlfn.XLOOKUP(A14,Table11[Tag Number],Table11[Status],"-",0)="Dead", _xlfn.XLOOKUP(A14,Table8[Tag Number],Table8[Status],"-",0)="Dead"),"Dead", OR(_xlfn.XLOOKUP(A14,Table11[Tag Number],Table11[Status],"-",0)="Alive", _xlfn.XLOOKUP(A14,Table10[Tag Number],Table10[Status],"-",0)="Alive", _xlfn.XLOOKUP(A14,Table9[Tag Number],Table9[Status],"-",0)="Alive", _xlfn.XLOOKUP(A14,Table8[Tag Number],Table8[Status],"-",0)="Alive"),"Alive", OR(_xlfn.XLOOKUP(A14,Table9[Tag Number],Table9[Status],"-",0)="-", _xlfn.XLOOKUP(A14,Table10[Tag Number],Table10[Status],"-",0)="-", _xlfn.XLOOKUP(A14,Table11[Tag Number],Table11[Status],"-",0)="-", _xlfn.XLOOKUP(A14,Table8[Tag Number],Table8[Status],"-",0)="-"), "-")} -> - | I14: =IF((_xlfn.XLOOKUP(B14,[2]Sheet1!$A$2:$A$198,[2]Sheet1!$B$2:$B$198,"-",0)="Glade"),"Out","No") -> No | J14: Untagged Alive | K14: {=SUM(COUNTIFS(Table8[Tag Number],{"Untagged*","*shell*","UN"},Table8[Status],"Alive"))} -> 0 | L14: {=SUM(COUNTIFS(Table9[Tag Number],{"Untagged*","*shell*","UN"},Table9[Status],"Alive"))} -> 0 | M14: {=SUM(COUNTIFS(Table10[Tag Number],{"Untagged*","*shell*","UN"},Table10[Status],"Alive"))} -> 0 | N14: {=SUM(COUNTIFS(Table11[Tag Number],{"Untagged*","*shell*","UN"},Table11[Status],"Alive"))} -> 0 | O14: =SUM(K14:N14) -> 0 | R14: =IF(G14>1,A14) -> FALSE
A15: B011 | B15: Glade | C15: =IF(COUNTIF(Table8[Tag Number], A15), 1, 0) -> 0 | D15: =IF(COUNTIF(Table9[Tag Number], A15), 1, 0) -> 0 | E15: =IF(COUNTIF(Table10[Tag Number], A15), 1, 0) -> 0 | F15: =IF(COUNTIF(Table11[Tag Number], A15), 1, 0) -> 0 | G15: =SUM(C15:F15) -> 0 | H15: {=_xlfn.IFS(OR(_xlfn.XLOOKUP(A15,Table9[Tag Number],Table9[Status],"-",0)="Dead", _xlfn.XLOOKUP(A15,Table10[Tag Number],Table10[Status],"-",0)="Dead", _xlfn.XLOOKUP(A15,Table11[Tag Number],Table11[Status],"-",0)="Dead", _xlfn.XLOOKUP(A15,Table8[Tag Number],Table8[Status],"-",0)="Dead"),"Dead", OR(_xlfn.XLOOKUP(A15,Table11[Tag Number],Table11[Status],"-",0)="Alive", _xlfn.XLOOKUP(A15,Table10[Tag Number],Table10[Status],"-",0)="Alive", _xlfn.XLOOKUP(A15,Table9[Tag Number],Table9[Status],"-",0)="Alive", _xlfn.XLOOKUP(A15,Table8[Tag Number],Table8[Status],"-",0)="Alive"),"Alive", OR(_xlfn.XLOOKUP(A15,Table9[Tag Number],Table9[Status],"-",0)="-", _xlfn.XLOOKUP(A15,Table10[Tag Number],Table10[Status],"-",0)="-", _xlfn.XLOOKUP(A15,Table11[Tag Number],Table11[Status],"-",0)="-", _xlfn.XLOOKUP(A15,Table8[Tag Number],Table8[Status],"-",0)="-"), "-")} -> - | I15: =IF((_xlfn.XLOOKUP(B15,[2]Sheet1!$A$2:$A$198,[2]Sheet1!$B$2:$B$198,"-",0)="Glade"),"Out","No") -> No | J15: Retagged Alive | K15: {=SUM(COUNTIFS(Table8[Tag Number],{"*O*"},Table8[Status],"Alive"))} -> 13 | L15: {=SUM(COUNTIFS(Table9[Tag Number],{"O*"},Table9[Status],"Alive"))} -> 18 | M15: {=SUM(COUNTIFS(Table10[Tag Number],{"O*"},Table10[Status],"Alive"))} -> 13 | N15: {=SUM(COUNTIFS(Table11[Tag Number],{"O*"},Table11[Status],"Alive"))} -> 17 | O15: =SUM(K15:N15) -> 61 | R15: =IF(G15>1,A15) -> FALSE
A16: B012 | B16: Glade | C16: =IF(COUNTIF(Table8[Tag Number], A16), 1, 0) -> 0 | D16: =IF(COUNTIF(Table9[Tag Number], A16), 1, 0) -> 0 | E16: =IF(COUNTIF(Table10[Tag Number], A16), 1, 0) -> 0 | F16: =IF(COUNTIF(Table11[Tag Number], A16), 1, 0) -> 0 | G16: =SUM(C16:F16) -> 0 | H16: {=_xlfn.IFS(OR(_xlfn.XLOOKUP(A16,Table9[Tag Number],Table9[Status],"-",0)="Dead", _xlfn.XLOOKUP(A16,Table10[Tag Number],Table10[Status],"-",0)="Dead", _xlfn.XLOOKUP(A16,Table11[Tag Number],Table11[Status],"-",0)="Dead", _xlfn.XLOOKUP(A16,Table8[Tag Number],Table8[Status],"-",0)="Dead"),"Dead", OR(_xlfn.XLOOKUP(A16,Table11[Tag Number],Table11[Status],"-",0)="Alive", _xlfn.XLOOKUP(A16,Table10[Tag Number],Table10[Status],"-",0)="Alive", _xlfn.XLOOKUP(A16,Table9[Tag Number],Table9[Status],"-",0)="Alive", _xlfn.XLOOKUP(A16,Table8[Tag Number],Table8[Status],"-",0)="Alive"),"Alive", OR(_xlfn.XLOOKUP(A16,Table9[Tag Number],Table9[Status],"-",0)="-", _xlfn.XLOOKUP(A16,Table10[Tag Number],Table10[Status],"-",0)="-", _xlfn.XLOOKUP(A16,Table11[Tag Number],Table11[Status],"-",0)="-", _xlfn.XLOOKUP(A16,Table8[Tag Number],Table8[Status],"-",0)="-"), "-")} -> - | I16: =IF((_xlfn.XLOOKUP(B16,[2]Sheet1!$A$2:$A$198,[2]Sheet1!$B$2:$B$198,"-",0)="Glade"),"Out","No") -> No | J16: Tagged Dead | K16: {=SUM(COUNTIFS(Table8[Tag Number],{"A*","B*","C*","D*"},Table8[Tag Number],{"<>*-*"},Table8[Status],"Dead"))} -> 33 | L16: {=SUM(COUNTIFS(Table9[Tag Number],{"A*","B*","C*","D*"},Table9[Tag Number],{"<>*-*"},Table9[Status],"Dead"))} -> 22 | M16: {=SUM(COUNTIFS(Table10[Tag Number],{"A*","B*","C*","D*"},Table10[Tag Number],{"<>*-*"},Table10[Status],"Dead"))} -> 18 | N16: {=SUM(COUNTIFS(Table11[Tag Number],{"A*","B*","C*","D*"},Table11[Tag Number],{"<>*-*"},Table11[Status],"Dead"))} -> 8 | O16: =SUM(K16:N16) -> 81 | R16: =IF(G16>1,A16) -> FALSE
A17: B013 | B17: Glade | C17: =IF(COUNTIF(Table8[Tag Number], A17), 1, 0) -> 1 | D17: =IF(COUNTIF(Table9[Tag Number], A17), 1, 0) -> 1 | E17: =IF(COUNTIF(Table10[Tag Number], A17), 1, 0) -> 1 | F17: =IF(COUNTIF(Table11[Tag Number], A17), 1, 0) -> 1 | G17: =SUM(C17:F17) -> 4 | H17: {=_xlfn.IFS(OR(_xlfn.XLOOKUP(A17,Table9[Tag Number],Table9[Status],"-",0)="Dead", _xlfn.XLOOKUP(A17,Table10[Tag Number],Table10[Status],"-",0)="Dead", _xlfn.XLOOKUP(A17,Table11[Tag Number],Table11[Status],"-",0)="Dead", _xlfn.XLOOKUP(A17,Table8[Tag Number],Table8[Status],"-",0)="Dead"),"Dead", OR(_xlfn.XLOOKUP(A17,Table11[Tag Number],Table11[Status],"-",0)="Alive", _xlfn.XLOOKUP(A17,Table10[Tag Number],Table10[Status],"-",0)="Alive", _xlfn.XLOOKUP(A17,Table9[Tag Number],Table9[Status],"-",0)="Alive", _xlfn.XLOOKUP(A17,Table8[Tag Number],Table8[Status],"-",0)="Alive"),"Alive", OR(_xlfn.XLOOKUP(A17,Table9[Tag Number],Table9[Status],"-",0)="-", _xlfn.XLOOKUP(A17,Table10[Tag Number],Table10[Status],"-",0)="-", _xlfn.XLOOKUP(A17,Table11[Tag Number],Table11[Status],"-",0)="-", _xlfn.XLOOKUP(A17,Table8[Tag Number],Table8[Status],"-",0)="-"), "-")} -> Alive | I17: =IF((_xlfn.XLOOKUP(B17,[2]Sheet1!$A$2:$A$198,[2]Sheet1!$B$2:$B$198,"-",0)="Glade"),"Out","No") -> No | J17: Unknown Dead | K17: {=SUM(COUNTIFS(Table8[Tag Number],{"*Unknown*","*-*","*~?*"},Table8[Status],{"Dead"}))} -> 0 | L17: {=SUM(COUNTIFS(Table9[Tag Number],{"*Unknown*","*-*"},Table9[Status],"Dead"))} -> 0 | M17: {=SUM(COUNTIFS(Table10[Tag Number],{"*Unknown*","*-*"},Table10[Status],"Dead"))} -> 0 | N17: {=SUM(COUNTIFS(Table11[Tag Number],{"*Unknown*","*-*"},Table11[Status],"Dead"))} -> 0 | O17: =SUM(K17:N17) -> 0 | R17: =IF(G17>1,A17) -> B013
A18: B014 | B18: Glade | C18: =IF(COUNTIF(Table8[Tag Number], A18), 1, 0) -> 0 | D18: =IF(COUNTIF(Table9[Tag Number], A18), 1, 0) -> 0 | E18: =IF(COUNTIF(Table10[Tag Number], A18), 1, 0) -> 0 | F18: =IF(COUNTIF(Table11[Tag Number], A18), 1, 0) -> 0 | G18: =SUM(C18:F18) -> 0 | H18: {=_xlfn.IFS(OR(_xlfn.XLOOKUP(A18,Table9[Tag Number],Table9[Status],"-",0)="Dead", _xlfn.XLOOKUP(A18,Table10[Tag Number],Table10[Status],"-",0)="Dead", _xlfn.XLOOKUP(A18,Table11[Tag Number],Table11[Status],"-",0)="Dead", _xlfn.XLOOKUP(A18,Table8[Tag Number],Table8[Status],"-",0)="Dead"),"Dead", OR(_xlfn.XLOOKUP(A18,Table11[Tag Number],Table11[Status],"-",0)="Alive", _xlfn.XLOOKUP(A18,Table10[Tag Number],Table10[Status],"-",0)="Alive", _xlfn.XLOOKUP(A18,Table9[Tag Number],Table9[Status],"-",0)="Alive", _xlfn.XLOOKUP(A18,Table8[Tag Number],Table8[Status],"-",0)="Alive"),"Alive", OR(_xlfn.XLOOKUP(A18,Table9[Tag Number],Table9[Status],"-",0)="-", _xlfn.XLOOKUP(A18,Table10[Tag Number],Table10[Status],"-",0)="-", _xlfn.XLOOKUP(A18,Table11[Tag Number],Table11[Status],"-",0)="-", _xlfn.XLOOKUP(A18,Table8[Tag Number],Table8[Status],"-",0)="-"), "-")} -> - | I18: =IF((_xlfn.XLOOKUP(B18,[2]Sheet1!$A$2:$A$198,[2]Sheet1!$B$2:$B$198,"-",0)="Glade"),"Out","No") -> No | J18: Untagged Dead | K18: {=SUM(COUNTIFS(Table8[Tag Number],{"Untagged*","*shell*","UN"},Table8[Status],"Dead"))} -> 0 | L18: {=SUM(COUNTIFS(Table9[Tag Number],{"Untagged*","*shell*","UN"},Table9[Status],"Dead"))} -> 0 | M18: {=SUM(COUNTIFS(Table10[Tag Number],{"Untagged*","*shell*","UN"},Table10[Status],"Dead"))} -> 2 | N18: {=SUM(COUNTIFS(Table11[Tag Number],{"Untagged*","*shell*","UN"},Table11[Status],"Dead"))} -> 0 | O18: =SUM(K18:N18) -> 2 | R18: =IF(G18>1,A18) -> FALSE
A19: B015 | B19: Glade | C19: =IF(COUNTIF(Table8[Tag Number], A19), 1, 0) -> 0 | D19: =IF(COUNTIF(Table9[Tag Number], A19), 1, 0) -> 0 | E19: =IF(COUNTIF(Table10[Tag Number], A19), 1, 0) -> 1 | F19: =IF(COUNTIF(Table11[Tag Number], A19), 1, 0) -> 1 | G19: =SUM(C19:F19) -> 2 | H19: {=_xlfn.IFS(OR(_xlfn.XLOOKUP(A19,Table9[Tag Number],Table9[Status],"-",0)="Dead", _xlfn.XLOOKUP(A19,Table10[Tag Number],Table10[Status],"-",0)="Dead", _xlfn.XLOOKUP(A19,Table11[Tag Number],Table11[Status],"-",0)="Dead", _xlfn.XLOOKUP(A19,Table8[Tag Number],Table8[Status],"-",0)="Dead"),"Dead", OR(_xlfn.XLOOKUP(A19,Table11[Tag Number],Table11[Status],"-",0)="Alive", _xlfn.XLOOKUP(A19,Table10[Tag Number],Table10[Status],"-",0)="Alive", _xlfn.XLOOKUP(A19,Table9[Tag Number],Table9[Status],"-",0)="Alive", _xlfn.XLOOKUP(A19,Table8[Tag Number],Table8[Status],"-",0)="Alive"),"Alive", OR(_xlfn.XLOOKUP(A19,Table9[Tag Number],Table9[Status],"-",0)="-", _xlfn.XLOOKUP(A19,Table10[Tag Number],Table10[Status],"-",0)="-", _xlfn.XLOOKUP(A19,Table11[Tag Number],Table11[Status],"-",0)="-", _xlfn.XLOOKUP(A19,Table8[Tag Number],Table8[Status],"-",0)="-"), "-")} -> Alive | I19: =IF((_xlfn.XLOOKUP(B19,[2]Sheet1!$A$2:$A$198,[2]Sheet1!$B$2:$B$198,"-",0)="Glade"),"Out","No") -> No | J19: Retagged Dead | K19: {=SUM(COUNTIFS(Table8[Tag Number],{"*O*"},Table8[Status],"Dead"))} -> 0 | L19: {=SUM(COUNTIFS(Table9[Tag Number],{"O*"},Table9[Status],"Dead"))} -> 0 | M19: {=SUM(COUNTIFS(Table10[Tag Number],{"O*"},Table10[Status],"Dead"))} -> 0 | N19: {=SUM(COUNTIFS(Table11[Tag Number],{"O*"},Table11[Status],"Dead"))} -> 0 | O19: =SUM(K19:N19) -> 0 | R19: =IF(G19>1,A19) -> B015
A20: B016 | B20: Glade | C20: =IF(COUNTIF(Table8[Tag Number], A20), 1, 0) -> 1 | D20: =IF(COUNTIF(Table9[Tag Number], A20), 1, 0) -> 0 | E20: =IF(COUNTIF(Table10[Tag Number], A20), 1, 0) -> 1 | F20: =IF(COUNTIF(Table11[Tag Number], A20), 1, 0) -> 0 | G20: =SUM(C20:F20) -> 2 | H20: {=_xlfn.IFS(OR(_xlfn.XLOOKUP(A20,Table9[Tag Number],Table9[Status],"-",0)="Dead", _xlfn.XLOOKUP(A20,Table10[Tag Number],Table10[Status],"-",0)="Dead", _xlfn.XLOOKUP(A20,Table11[Tag Number],Table11[Status],"-",0)="Dead", _xlfn.XLOOKUP(A20,Table8[Tag Number],Table8[Status],"-",0)="Dead"),"Dead", OR(_xlfn.XLOOKUP(A20,Table11[Tag Number],Table11[Status],"-",0)="Alive", _xlfn.XLOOKUP(A20,Table10[Tag Number],Table10[Status],"-",0)="Alive", _xlfn.XLOOKUP(A20,Table9[Tag Number],Table9[Status],"-",0)="Alive", _xlfn.XLOOKUP(A20,Table8[Tag Number],Table8[Status],"-",0)="Alive"),"Alive", OR(_xlfn.XLOOKUP(A20,Table9[Tag Number],Table9[Status],"-",0)="-", _xlfn.XLOOKUP(A20,Table10[Tag Number],Table10[Status],"-",0)="-", _xlfn.XLOOKUP(A20,Table11[Tag Number],Table11[Status],"-",0)="-", _xlfn.XLOOKUP(A20,Table8[Tag Number],Table8[Status],"-",0)="-"), "-")} -> Alive | I20: =IF((_xlfn.XLOOKUP(B20,[2]Sheet1!$A$2:$A$198,[2]Sheet1!$B$2:$B$198,"-",0)="Glade"),"Out","No") -> No | J20: Sums: | K20: =SUM(K12:K19) -> 298 | L20: =SUM(L12:L19) -> 293 | M20: =SUM(M12:M19) -> 234 | N20: =SUM(N12:N19) -> 266 | O20: =SUM(K20:N20) -> 1091 | R20: =IF(G20>1,A20) -> B016
A21: B017 | B21: Glade | C21: =IF(COUNTIF(Table8[Tag Number], A21), 1, 0) -> 0 | D21: =IF(COUNTIF(Table9[Tag Number], A21), 1, 0) -> 1 | E21: =IF(COUNTIF(Table10[Tag Number], A21), 1, 0) -> 0 | F21: =IF(COUNTIF(Table11[Tag Number], A21), 1, 0) -> 0 | G21: =SUM(C21:F21) -> 1 | H21: {=_xlfn.IFS(OR(_xlfn.XLOOKUP(A21,Table9[Tag Number],Table9[Status],"-",0)="Dead", _xlfn.XLOOKUP(A21,Table10[Tag Number],Table10[Status],"-",0)="Dead", _xlfn.XLOOKUP(A21,Table11[Tag Number],Table11[Status],"-",0)="Dead", _xlfn.XLOOKUP(A21,Table8[Tag Number],Table8[Status],"-",0)="Dead"),"Dead", OR(_xlfn.XLOOKUP(A21,Table11[Tag Number],Table11[Status],"-",0)="Alive", _xlfn.XLOOKUP(A21,Table10[Tag Number],Table10[Status],"-",0)="Alive", _xlfn.XLOOKUP(A21,Table9[Tag Number],Table9[Status],"-",0)="Alive", _xlfn.XLOOKUP(A21,Table8[Tag Number],Table8[Status],"-",0)="Alive"),"Alive", OR(_xlfn.XLOOKUP(A21,Table9[Tag Number],Table9[Status],"-",0)="-", _xlfn.XLOOKUP(A21,Table10[Tag Number],Table10[Status],"-",0)="-", _xlfn.XLOOKUP(A21,Table11[Tag Number],Table11[Status],"-",0)="-", _xlfn.XLOOKUP(A21,Table8[Tag Number],Table8[Status],"-",0)="-"), "-")} -> Alive | I21: =IF((_xlfn.XLOOKUP(B21,[2]Sheet1!$A$2:$A$198,[2]Sheet1!$B$2:$B$198,"-",0)="Glade"),"Out","No") -> No | J21: All deads: | K21: =SUM(K16:N19) -> 83 | R21: =IF(G21>1,A21) -> FALSE
A22: B018 | B22: Glade | C22: =IF(COUNTIF(Table8[Tag Number], A22), 1, 0) -> 0 | D22: =IF(COUNTIF(Table9[Tag Number], A22), 1, 0) -> 0 | E22: =IF(COUNTIF(Table10[Tag Number], A22), 1, 0) -> 0 | F22: =IF(COUNTIF(Table11[Tag Number], A22), 1, 0) -> 0 | G22: =SUM(C22:F22) -> 0 | H22: {=_xlfn.IFS(OR(_xlfn.XLOOKUP(A22,Table9[Tag Number],Table9[Status],"-",0)="Dead", _xlfn.XLOOKUP(A22,Table10[Tag Number],Table10[Status],"-",0)="Dead", _xlfn.XLOOKUP(A22,Table11[Tag Number],Table11[Status],"-",0)="Dead", _xlfn.XLOOKUP(A22,Table8[Tag Number],Table8[Status],"-",0)="Dead"),"Dead", OR(_xlfn.XLOOKUP(A22,Table11[Tag Number],Table11[Status],"-",0)="Alive", _xlfn.XLOOKUP(A22,Table10[Tag Number],Table10[Status],"-",0)="Alive", _xlfn.XLOOKUP(A22,Table9[Tag Number],Table9[Status],"-",0)="Alive", _xlfn.XLOOKUP(A22,Table8[Tag Number],Table8[Status],"-",0)="Alive"),"Alive", OR(_xlfn.XLOOKUP(A22,Table9[Tag Number],Table9[Status],"-",0)="-", _xlfn.XLOOKUP(A22,Table10[Tag Number],Table10[Status],"-",0)="-", _xlfn.XLOOKUP(A22,Table11[Tag Number],Table11[Status],"-",0)="-", _xlfn.XLOOKUP(A22,Table8[Tag Number],Table8[Status],"-",0)="-"), "-")} -> - | I22: =IF((_xlfn.XLOOKUP(B22,[2]Sheet1!$A$2:$A$198,[2]Sheet1!$B$2:$B$198,"-",0)="Glade"),"Out","No") -> No | J22: unknown alive | K22: =SUM(K13:N13) -> 3 | R22: =IF(G22>1,A22) -> FALSE
A23: B019 | B23: Glade | C23: =IF(COUNTIF(Table8[Tag Number], A23), 1, 0) -> 0 | D23: =IF(COUNTIF(Table9[Tag Number], A23), 1, 0) -> 1 | E23: =IF(COUNTIF(Table10[Tag Number], A23), 1, 0) -> 1 | F23: =IF(COUNTIF(Table11[Tag Number], A23), 1, 0) -> 0 | G23: =SUM(C23:F23) -> 2 | H23: {=_xlfn.IFS(OR(_xlfn.XLOOKUP(A23,Table9[Tag Number],Table9[Status],"-",0)="Dead", _xlfn.XLOOKUP(A23,Table10[Tag Number],Table10[Status],"-",0)="Dead", _xlfn.XLOOKUP(A23,Table11[Tag Number],Table11[Status],"-",0)="Dead", _xlfn.XLOOKUP(A23,Table8[Tag Number],Table8[Status],"-",0)="Dead"),"Dead", OR(_xlfn.XLOOKUP(A23,Table11[Tag Number],Table11[Status],"-",0)="Alive", _xlfn.XLOOKUP(A23,Table10[Tag Number],Table10[Status],"-",0)="Alive", _xlfn.XLOOKUP(A23,Table9[Tag Number],Table9[Status],"-",0)="Alive", _xlfn.XLOOKUP(A23,Table8[Tag Number],Table8[Status],"-",0)="Alive"),"Alive", OR(_xlfn.XLOOKUP(A23,Table9[Tag Number],Table9[Status],"-",0)="-", _xlfn.XLOOKUP(A23,Table10[Tag Number],Table10[Status],"-",0)="-", _xlfn.XLOOKUP(A23,Table11[Tag Number],Table11[Status],"-",0)="-", _xlfn.XLOOKUP(A23,Table8[Tag Number],Table8[Status],"-",0)="-"), "-")} -> Alive | I23: =IF((_xlfn.XLOOKUP(B23,[2]Sheet1!$A$2:$A$198,[2]Sheet1!$B$2:$B$198,"-",0)="Glade"),"Out","No") -> No | R23: =IF(G23>1,A23) -> B019
